Workbook

Sheet Accueil
A1: Pharmacie — Ventes 2014 à 2019
A2: Historique du 02/01/2014 au 08/10/2019
A3: Cliquez sur un bouton pour ouvrir l'onglet correspondant.
A5: PROPRIÉTAIRE | G5: PHARMACIEN
A7: =HYPERLINK("#Activite!A1","Activité de la pharmacie") -> Activité de la pharmacie | G7: =HYPERLINK("#Stocks!A1","Stocks et alertes") -> Stocks et alertes
A8: =HYPERLINK("#Environnement!A1","Environnement de la pharmacie") -> Environnement de la pharmacie | G8: =HYPERLINK("#Scan!A1","Scan des ventes") -> Scan des ventes
A11: OUTILS COMMUNS
A12: =HYPERLINK("#Recherche!A1","Recherche") -> Recherche | D12: =HYPERLINK("#Calendrier!A1","Calendrier") -> Calendrier | G12: =HYPERLINK("#Statistiques!A1","Statistiques") -> Statistiques | J12: =HYPERLINK("#Qualite_donnees!A1","Qualité des données") -> Qualité des données
A14: ALERTES DE STOCK
A15: MÉDICAMENTS EN RUPTURE | G15: MÉDICAMENTS À COMMANDER
A16: =COUNTIF(Stocks!$K$8:$K$15,"RUPTURE") -> 0 | G16: =COUNTIF(Stocks!$K$8:$K$15,"À COMMANDER") -> 0
A17: Dépend du stock saisi dans l'onglet Stocks.
A19: Chiffres clés sur tout l'historique
A20: Volume total vendu | E20: Ventes par jour | I20: ="Groupe n°1 : "&ROUND(MAX(Calculs!$C$60:$C$67)/SUM(Calculs!$C$60:$C$67)*100,0)&" % des ventes" -> Groupe n°1 : 50 % des ventes
A21: =SUMIFS(Historique!$Y$2:$Y$2107,Historique!$H$2:$H$2107,"Oui") -> 129048.33 | E21: =IFERROR(A21/COUNTIF(Historique!$H$2:$H$2107,"Oui"),0) -> 61.334756 | I21: =INDEX(Calculs!$A$60:$A$67,MATCH(MAX(Calculs!$C$60:$C$67),Calculs!$C$60:$C$67,0)) -> N02BE

Sheet Activite
A1: Tableau de bord de l'activité | L1: =HYPERLINK("#Accueil!A1","← Accueil") -> ← Accueil | M1: =HYPERLINK("#Environnement!A1","Environnement") -> Environnement | N1: =HYPERLINK("#Recherche!A1","Recherche") -> Recherche
A2: Choisissez une année, un mois et un médicament dans les cases jaunes (▼) : indicateurs et graphiques se mettent à jour.
A4: Année | B4: Toutes | C4: Mois | D4: Tous | E4: Médicament | G4: Tous
A6: Total vendu | D6: Journées ouvertes | F6: Ventes par jour | H6: =IF($D$4="Tous","Mois le plus fort","Meilleure année") -> Mois le plus fort | J6: Jour le plus fort | L6: Heure de pointe
A7: =SUMIFS(INDEX(Historique!$I$2:$Y$2107,0,Calculs!$C$73),Historique!$B$2:$B$2107,Calculs!$C$71,Historique!$C$2:$C$2107,Calculs!$C$74,Historique!$H$2:$H$2107,"Oui") -> 129048.33 | D7: =COUNTIFS(Historique!$B$2:$B$2107,Calculs!$C$71,Historique!$C$2:$C$2107,Calculs!$C$74,Historique!$H$2:$H$2107,"Oui") -> 2104 | F7: =IFERROR(A7/D7,0) -> 61.334756 | H7: =IF($D$4="Tous",INDEX(Calculs!$A$147:$A$158,MATCH(MAX(Calculs!$B$147:$B$158),Calculs!$B$147:$B$158,0)),INDEX(Calculs!$A$201:$A$206,MATCH(MAX(Calculs!$B$201:$B$206),Calculs!$B$201:$B$206,0))) -> Janv. | J7: =INDEX(Calculs!$A$162:$A$168,MATCH(MAX(Calculs!$B$162:$B$168),Calculs!$B$162:$B$168,0)) -> Sam. | L7: =INDEX(Calculs!$A$172:$A$186,MATCH(MAX(Calculs!$B$172:$B$186),Calculs!$B$172:$B$186,0)) -> 19h
A74: Évolution mois par mois : suit le médicament. Saisonnalité : suit l'année et le médicament. Les autres graphiques suivent aussi le mois choisi.
A75: Quantités dans l'unité du logiciel de caisse ; l'export ne contient aucun prix.
A77: Mois par mois
A78: Mesure | B78: Total vendu
A80: Mois | B80: 2014 | C80: 2015 | D80: 2016 | E80: 2017 | F80: 2018 | G80: 2019
A81: Janvier | B81: =IF(AA81<AH81,"",IF($B$78="Total vendu",T81,T81/AA81)) | C81: =IF(AB81<AI81,"",IF($B$78="Total vendu",U81,U81/AB81)) -> 2297.455 | D81: =IF(AC81<AJ81,"",IF($B$78="Total vendu",V81,V81/AC81)) -> 2650.792 | E81: =IF(AD81<AK81,"",IF($B$78="Total vendu",W81,W81/AD81)) -> 2437.102 | F81: =IF(AE81<AL81,"",IF($B$78="Total vendu",X81,X81/AE81)) -> 2158.996 | G81: =IF(AF81<AM81,"",IF($B$78="Total vendu",Y81,Y81/AF81)) -> 3102.223 | T81: =SUMIFS(INDEX(Historique!$I$2:$Y$2107,0,Calculs!$C$73),Historique!$B$2:$B$2107,2014,Historique!$C$2:$C$2107,1) -> 1858.6 | U81: =SUMIFS(INDEX(Historique!$I$2:$Y$2107,0,Calculs!$C$73),Historique!$B$2:$B$2107,2015,Historique!$C$2:$C$2107,1) -> 2297.455 | V81: =SUMIFS(INDEX(Historique!$I$2:$Y$2107,0,Calculs!$C$73),Historique!$B$2:$B$2107,2016,Historique!$C$2:$C$2107,1) -> 2650.792 | W81: =SUMIFS(INDEX(Historique!$I$2:$Y$2107,0,Calculs!$C$73),Historique!$B$2:$B$2107,2017,Historique!$C$2:$C$2107,1) -> 2437.102 | X81: =SUMIFS(INDEX(Historique!$I$2:$Y$2107,0,Calculs!$C$73),Historique!$B$2:$B$2107,2018,Historique!$C$2:$C$2107,1) -> 2158.996 | Y81: =SUMIFS(INDEX(Historique!$I$2:$Y$2107,0,Calculs!$C$73),Historique!$B$2:$B$2107,2019,Historique!$C$2:$C$2107,1) -> 3102.223 | AA81: =COUNTIFS(Historique!$B$2:$B$2107,2014,Historique!$C$2:$C$2107,1) -> 30 | AB81: =COUNTIFS(Historique!$B$2:$B$2107,2015,Historique!$C$2:$C$2107,1) -> 31 | AC81: =COUNTIFS(Historique!$B$2:$B$2107,2016,Historique!$C$2:$C$2107,1) -> 31 | AD81: =COUNTIFS(Historique!$B$2:$B$2107,2017,Historique!$C$2:$C$2107,1) -> 31 | AE81: =COUNTIFS(Historique!$B$2:$B$2107,2018,Historique!$C$2:$C$2107,1) -> 31 | AF81: =COUNTIFS(Historique!$B$2:$B$2107,2019,Historique!$C$2:$C$2107,1) -> 31 | AH81: =DAY(DATE(2014,2,0)) -> 31 | AI81: =DAY(DATE(2015,2,0)) -> 31 | AJ81: =DAY(DATE(2016,2,0)) -> 31 | AK81: =DAY(DATE(2017,2,0)) -> 31 | AL81: =DAY(DATE(2018,2,0)) -> 31 | AM81: =DAY(DATE(2019,2,0)) -> 31
A82: Février | B82: =IF(AA82<AH82,"",IF($B$78="Total vendu",T82,T82/AA82)) -> 1974.47 | C82: =IF(AB82<AI82,"",IF($B$78="Total vendu",U82,U82/AB82)) -> 1831.532 | D82: =IF(AC82<AJ82,"",IF($B$78="Total vendu",V82,V82/AC82)) -> 2232.4 | E82: =IF(AD82<AK82,"",IF($B$78="Total vendu",W82,W82/AD82)) -> 1440.491 | F82: =IF(AE82<AL82,"",IF($B$78="Total vendu",X82,X82/AE82)) -> 2174.498 | G82: =IF(AF82<AM82,"",IF($B$78="Total vendu",Y82,Y82/AF82)) -> 1944.197 | T82: =SUMIFS(INDEX(Historique!$I$2:$Y$2107,0,Calculs!$C$73),Historique!$B$2:$B$2107,2014,Historique!$C$2:$C$2107,2) -> 1974.47 | U82: =SUMIFS(INDEX(Historique!$I$2:$Y$2107,0,Calculs!$C$73),Historique!$B$2:$B$2107,2015,Historique!$C$2:$C$2107,2) -> 1831.532 | V82: =SUMIFS(INDEX(Historique!$I$2:$Y$2107,0,Calculs!$C$73),Historique!$B$2:$B$2107,2016,Historique!$C$2:$C$2107,2) -> 2232.4 | W82: =SUMIFS(INDEX(Historique!$I$2:$Y$2107,0,Calculs!$C$73),Historique!$B$2:$B$2107,2017,Historique!$C$2:$C$2107,2) -> 1440.491 | X82: =SUMIFS(INDEX(Historique!$I$2:$Y$2107,0,Calculs!$C$73),Historique!$B$2:$B$2107,2018,Historique!$C$2:$C$2107,2) -> 2174.498 | Y82: =SUMIFS(INDEX(Historique!$I$2:$Y$2107,0,Calculs!$C$73),Historique!$B$2:$B$2107,2019,Historique!$C$2:$C$2107,2) -> 1944.197 | AA82: =COUNTIFS(Historique!$B$2:$B$2107,2014,Historique!$C$2:$C$2107,2) -> 28 | AB82: =COUNTIFS(Historique!$B$2:$B$2107,2015,Historique!$C$2:$C$2107,2) -> 28 | AC82: =COUNTIFS(Historique!$B$2:$B$2107,2016,Historique!$C$2:$C$2107,2) -> 29 | AD82: =COUNTIFS(Historique!$B$2:$B$2107,2017,Historique!$C$2:$C$2107,2) -> 28 | AE82: =COUNTIFS(Historique!$B$2:$B$2107,2018,Historique!$C$2:$C$2107,2) -> 28 | AF82: =COUNTIFS(Historique!$B$2:$B$2107,2019,Historique!$C$2:$C$2107,2) -> 28 | AH82: =DAY(DATE(2014,3,0)) -> 28 | AI82: =DAY(DATE(2015,3,0)) -> 28 | AJ82: =DAY(DATE(2016,3,0)) -> 29 | AK82: =DAY(DATE(2017,3,0)) -> 28 | AL82: =DAY(DATE(2018,3,0)) -> 28 | AM82: =DAY(DATE(2019,3,0)) -> 28
A83: Mars | B83: =IF(AA83<AH83,"",IF($B$78="Total vendu",T83,T83/AA83)) -> 1606.72 | C83: =IF(AB83<AI83,"",IF($B$78="Total vendu",U83,U83/AB83)) -> 1949.076 | D83: =IF(AC83<AJ83,"",IF($B$78="Total vendu",V83,V83/AC83)) -> 2235.169 | E83: =IF(AD83<AK83,"",IF($B$78="Total vendu",W83,W83/AD83)) -> 1376.855 | F83: =IF(AE83<AL83,"",IF($B$78="Total vendu",X83,X83/AE83)) -> 2156.847 | G83: =IF(AF83<AM83,"",IF($B$78="Total vendu",Y83,Y83/AF83)) -> 2038.938 | T83: =SUMIFS(INDEX(Historique!$I$2:$Y$2107,0,Calculs!$C$73),Historique!$B$2:$B$2107,2014,Historique!$C$2:$C$2107,3) -> 1606.72 | U83: =SUMIFS(INDEX(Historique!$I$2:$Y$2107,0,Calculs!$C$73),Historique!$B$2:$B$2107,2015,Historique!$C$2:$C$2107,3) -> 1949.076 | V83: =SUMIFS(INDEX(Historique!$I$2:$Y$2107,0,Calculs!$C$73),Historique!$B$2:$B$2107,2016,Historique!$C$2:$C$2107,3) -> 2235.169 | W83: =SUMIFS(INDEX(Historique!$I$2:$Y$2107,0,Calculs!$C$73),Historique!$B$2:$B$2107,2017,Historique!$C$2:$C$2107,3) -> 1376.855 | X83: =SUMIFS(INDEX(Historique!$I$2:$Y$2107,0,Calculs!$C$73),Historique!$B$2:$B$2107,2018,Historique!$C$2:$C$2107,3) -> 2156.847 | Y83: =SUMIFS(INDEX(Historique!$I$2:$Y$2107,0,Calculs!$C$73),Historique!$B$2:$B$2107,2019,Historique!$C$2:$C$2107,3) -> 2038.938 | AA83: =COUNTIFS(Historique!$B$2:$B$2107,2014,Historique!$C$2:$C$2107,3) -> 31 | AB83: =COUNTIFS(Historique!$B$2:$B$2107,2015,Historique!$C$2:$C$2107,3) -> 31 | AC83: =COUNTIFS(Historique!$B$2:$B$2107,2016,Historique!$C$2:$C$2107,3) -> 31 | AD83: =COUNTIFS(Historique!$B$2:$B$2107,2017,Historique!$C$2:$C$2107,3) -> 31 | AE83: =COUNTIFS(Historique!$B$2:$B$2107,2018,Historique!$C$2:$C$2107,3) -> 31 | AF83: =COUNTIFS(Historique!$B$2:$B$2107,2019,Historique!$C$2:$C$2107,3) -> 31 | AH83: =DAY(DATE(2014,4,0)) -> 31 | AI83: =DAY(DATE(2015,4,0)) -> 31 | AJ83: =DAY(DATE(2016,4,0)) -> 31 | AK83: =DAY(DATE(2017,4,0)) -> 31 | AL83: =DAY(DATE(2018,4,0)) -> 31 | AM83: =DAY(DATE(2019,4,0)) -> 31
A84: Avril | B84: =IF(AA84<AH84,"",IF($B$78="Total vendu",T84,T84/AA84)) -> 1465.265 | C84: =IF(AB84<AI84,"",IF($B$78="Total vendu",U84,U84/AB84)) -> 1821.465 | D84: =IF(AC84<AJ84,"",IF($B$78="Total vendu",V84,V84/AC84)) -> 2147.573 | E84: =IF(AD84<AK84,"",IF($B$78="Total vendu",W84,W84/AD84)) -> 1413.846 | F84: =IF(AE84<AL84,"",IF($B$78="Total vendu",X84,X84/AE84)) -> 1930.689 | G84: =IF(AF84<AM84,"",IF($B$78="Total vendu",Y84,Y84/AF84)) -> 1822.673 | T84: =SUMIFS(INDEX(Historique!$I$2:$Y$2107,0,Calculs!$C$73),Historique!$B$2:$B$2107,2014,Historique!$C$2:$C$2107,4) -> 1465.265 | U84: =SUMIFS(INDEX(Historique!$I$2:$Y$2107,0,Calculs!$C$73),Historique!$B$2:$B$2107,2015,Historique!$C$2:$C$2107,4) -> 1821.465 | V84: =SUMIFS(INDEX(Historique!$I$2:$Y$2107,0,Calculs!$C$73),Historique!$B$2:$B$2107,2016,Historique!$C$2:$C$2107,4) -> 2147.573 | W84: =SUMIFS(INDEX(Historique!$I$2:$Y$2107,0,Calculs!$C$73),Historique!$B$2:$B$2107,2017,Historique!$C$2:$C$2107,4) -> 1413.846 | X84: =SUMIFS(INDEX(Historique!$I$2:$Y$2107,0,Calculs!$C$73),Historique!$B$2:$B$2107,2018,Historique!$C$2:$C$2107,4) -> 1930.689 | Y84: =SUMIFS(INDEX(Historique!$I$2:$Y$2107,0,Calculs!$C$73),Historique!$B$2:$B$2107,2019,Historique!$C$2:$C$2107,4) -> 1822.673 | AA84: =COUNTIFS(Historique!$B$2:$B$2107,2014,Historique!$C$2:$C$2107,4) -> 30 | AB84: =COUNTIFS(Historique!$B$2:$B$2107,2015,Historique!$C$2:$C$2107,4) -> 30 | AC84: =COUNTIFS(Historique!$B$2:$B$2107,2016,Historique!$C$2:$C$2107,4) -> 30 | AD84: =COUNTIFS(Historique!$B$2:$B$2107,2017,Historique!$C$2:$C$2107,4) -> 30 | AE84: =COUNTIFS(Historique!$B$2:$B$2107,2018,Historique!$C$2:$C$2107,4) -> 30 | AF84: =COUNTIFS(Historique!$B$2:$B$2107,2019,Historique!$C$2:$C$2107,4) -> 30 | AH84: =DAY(DATE(2014,5,0)) -> 30 | AI84: =DAY(DATE(2015,5,0)) -> 30 | AJ84: =DAY(DATE(2016,5,0)) -> 30 | AK84: =DAY(DATE(2017,5,0)) -> 30 | AL84: =DAY(DATE(2018,5,0)) -> 30 | AM84: =DAY(DATE(2019,5,0)) -> 30
A85: Mai | B85: =IF(AA85<AH85,"",IF($B$78="Total vendu",T85,T85/AA85)) -> 1536.973 | C85: =IF(AB85<AI85,"",IF($B$78="Total vendu",U85,U85/AB85)) -> 1644.577 | D85: =IF(AC85<AJ85,"",IF($B$78="Total vendu",V85,V85/AC85)) -> 2006.081 | E85: =IF(AD85<AK85,"",IF($B$78="Total vendu",W85,W85/AD85)) -> 1369.485 | F85: =IF(AE85<AL85,"",IF($B$78="Total vendu",X85,X85/AE85)) -> 1650.13 | G85: =IF(AF85<AM85,"",IF($B$78="Total vendu",Y85,Y85/AF85)) -> 1798.4517 | T85: =SUMIFS(INDEX(Historique!$I$2:$Y$2107,0,Calculs!$C$73),Historique!$B$2:$B$2107,2014,Historique!$C$2:$C$2107,5) -> 1536.973 | U85: =SUMIFS(INDEX(Historique!$I$2:$Y$2107,0,Calculs!$C$73),Historique!$B$2:$B$2107,2015,Historique!$C$2:$C$2107,5) -> 1644.577 | V85: =SUMIFS(INDEX(Historique!$I$2:$Y$2107,0,Calculs!$C$73),Historique!$B$2:$B$2107,2016,Historique!$C$2:$C$2107,5) -> 2006.081 | W85: =SUMIFS(INDEX(Historique!$I$2:$Y$2107,0,Calculs!$C$73),Historique!$B$2:$B$2107,2017,Historique!$C$2:$C$2107,5) -> 1369.485 | X85: =SUMIFS(INDEX(Historique!$I$2:$Y$2107,0,Calculs!$C$73),Historique!$B$2:$B$2107,2018,Historique!$C$2:$C$2107,5) -> 1650.13 | Y85: =SUMIFS(INDEX(Historique!$I$2:$Y$2107,0,Calculs!$C$73),Historique!$B$2:$B$2107,2019,Historique!$C$2:$C$2107,5) -> 1798.4517 | AA85: =COUNTIFS(Historique!$B$2:$B$2107,2014,Historique!$C$2:$C$2107,5) -> 31 | AB85: =COUNTIFS(Historique!$B$2:$B$2107,2015,Historique!$C$2:$C$2107,5) -> 31 | AC85: =COUNTIFS(Historique!$B$2:$B$2107,2016,Historique!$C$2:$C$2107,5) -> 31 | AD85: =COUNTIFS(Historique!$B$2:$B$2107,2017,Historique!$C$2:$C$2107,5) -> 31 | AE85: =COUNTIFS(Historique!$B$2:$B$2107,2018,Historique!$C$2:$C$2107,5) -> 31 | AF85: =COUNTIFS(Historique!$B$2:$B$2107,2019,Historique!$C$2:$C$2107,5) -> 31 | AH85: =DAY(DATE(2014,6,0)) -> 31 | AI85: =DAY(DATE(2015,6,0)) -> 31 | AJ85: =DAY(DATE(2016,6,0)) -> 31 | AK85: =DAY(DATE(2017,6,0)) -> 31 | AL85: =DAY(DATE(2018,6,0)) -> 31 | AM85: =DAY(DATE(2019,6,0)) -> 31
A86: Juin | B86: =IF(AA86<AH86,"",IF($B$78="Total vendu",T86,T86/AA86)) -> 1390.205 | C86: =IF(AB86<AI86,"",IF($B$78="Total vendu",U86,U86/AB86)) -> 1674.233 | D86: =IF(AC86<AJ86,"",IF($B$78="Total vendu",V86,V86/AC86)) -> 1724.731 | E86: =IF(AD86<AK86,"",IF($B$78="Total vendu",W86,W86/AD86)) -> 1306.936 | F86: =IF(AE86<AL86,"",IF($B$78="Total vendu",X86,X86/AE86)) -> 1414.349 | G86: =IF(AF86<AM86,"",IF($B$78="Total vendu",Y86,Y86/AF86)) -> 1482.407 | T86: =SUMIFS(INDEX(Historique!$I$2:$Y$2107,0,Calculs!$C$73),Historique!$B$2:$B$2107,2014,Historique!$C$2:$C$2107,6) -> 1390.205 | U86: =SUMIFS(INDEX(Historique!$I$2:$Y$2107,0,Calculs!$C$73),Historique!$B$2:$B$2107,2015,Historique!$C$2:$C$2107,6) -> 1674.233 | V86: =SUMIFS(INDEX(Historique!$I$2:$Y$2107,0,Calculs!$C$73),Historique!$B$2:$B$2107,2016,Historique!$C$2:$C$2107,6) -> 1724.731 | W86: =SUMIFS(INDEX(Historique!$I$2:$Y$2107,0,Calculs!$C$73),Historique!$B$2:$B$2107,2017,Historique!$C$2:$C$2107,6) -> 1306.936 | X86: =SUMIFS(INDEX(Historique!$I$2:$Y$2107,0,Calculs!$C$73),Historique!$B$2:$B$2107,2018,Historique!$C$2:$C$2107,6) -> 1414.349 | Y86: =SUMIFS(INDEX(Historique!$I$2:$Y$2107,0,Calculs!$C$73),Historique!$B$2:$B$2107,2019,Historique!$C$2:$C$2107,6) -> 1482.407 | AA86: =COUNTIFS(Historique!$B$2:$B$2107,2014,Historique!$C$2:$C$2107,6) -> 30 | AB86: =COUNTIFS(Historique!$B$2:$B$2107,2015,Historique!$C$2:$C$2107,6) -> 30 | AC86: =COUNTIFS(Historique!$B$2:$B$2107,2016,Historique!$C$2:$C$2107,6) -> 30 | AD86: =COUNTIFS(Historique!$B$2:$B$2107,2017,Historique!$C$2:$C$2107,6) -> 30 | AE86: =COUNTIFS(Historique!$B$2:$B$2107,2018,Historique!$C$2:$C$2107,6) -> 30 | AF86: =COUNTIFS(Historique!$B$2:$B$2107,2019,Historique!$C$2:$C$2107,6) -> 30 | AH86: =DAY(DATE(2014,7,0)) -> 30 | AI86: =DAY(DATE(2015,7,0)) -> 30 | AJ86: =DAY(DATE(2016,7,0)) -> 30 | AK86: =DAY(DATE(2017,7,0)) -> 30 | AL86: =DAY(DATE(2018,7,0)) -> 30 | AM86: =DAY(DATE(2019,7,0)) -> 30
A87: Juillet | B87: =IF(AA87<AH87,"",IF($B$78="Total vendu",T87,T87/AA87)) -> 1332.37 | C87: =IF(AB87<AI87,"",IF($B$78="Total vendu",U87,U87/AB87)) -> 1523.048 | D87: =IF(AC87<AJ87,"",IF($B$78="Total vendu",V87,V87/AC87)) -> 1599.6393 | E87: =IF(AD87<AK87,"",IF($B$78="Total vendu",W87,W87/AD87)) -> 1251.151 | F87: =IF(AE87<AL87,"",IF($B$78="Total vendu",X87,X87/AE87)) -> 1563.479 | G87: =IF(AF87<AM87,"",IF($B$78="Total vendu",Y87,Y87/AF87)) -> 1488.816 | T87: =SUMIFS(INDEX(Historique!$I$2:$Y$2107,0,Calculs!$C$73),Historique!$B$2:$B$2107,2014,Historique!$C$2:$C$2107,7) -> 1332.37 | U87: =SUMIFS(INDEX(Historique!$I$2:$Y$2107,0,Calculs!$C$73),Historique!$B$2:$B$2107,2015,Historique!$C$2:$C$2107,7) -> 1523.048 | V87: =SUMIFS(INDEX(Historique!$I$2:$Y$2107,0,Calculs!$C$73),Historique!$B$2:$B$2107,2016,Historique!$C$2:$C$2107,7) -> 1599.6393 | W87: =SUMIFS(INDEX(Historique!$I$2:$Y$2107,0,Calculs!$C$73),Historique!$B$2:$B$2107,2017,Historique!$C$2:$C$2107,7) -> 1251.151 | X87: =SUMIFS(INDEX(Historique!$I$2:$Y$2107,0,Calculs!$C$73),Historique!$B$2:$B$2107,2018,Historique!$C$2:$C$2107,7) -> 1563.479 | Y87: =SUMIFS(INDEX(Historique!$I$2:$Y$2107,0,Calculs!$C$73),Historique!$B$2:$B$2107,2019,Historique!$C$2:$C$2107,7) -> 1488.816 | AA87: =COUNTIFS(Historique!$B$2:$B$2107,2014,Historique!$C$2:$C$2107,7) -> 31 | AB87: =COUNTIFS(Historique!$B$2:$B$2107,2015,Historique!$C$2:$C$2107,7) -> 31 | AC87: =COUNTIFS(Historique!$B$2:$B$2107,2016,Historique!$C$2:$C$2107,7) -> 31 | AD87: =COUNTIFS(Historique!$B$2:$B$2107,2017,Historique!$C$2:$C$2107,7) -> 31 | AE87: =COUNTIFS(Historique!$B$2:$B$2107,2018,Historique!$C$2:$C$2107,7) -> 31 | AF87: =COUNTIFS(Historique!$B$2:$B$2107,2019,Historique!$C$2:$C$2107,7) -> 31 | AH87: =DAY(DATE(2014,8,0)) -> 31 | AI87: =DAY(DATE(2015,8,0)) -> 31 | AJ87: =DAY(DATE(2016,8,0)) -> 31 | AK87: =DAY(DATE(2017,8,0)) -> 31 | AL87: =DAY(DATE(2018,8,0)) -> 31 | AM87: =DAY(DATE(2019,8,0)) -> 31
A88: Août | B88: =IF(AA88<AH88,"",IF($B$78="Total vendu",T88,T88/AA88)) -> 1452.52 | C88: =IF(AB88<AI88,"",IF($B$78="Total vendu",U88,U88/AB88)) -> 1659.597 | D88: =IF(AC88<AJ88,"",IF($B$78="Total vendu",V88,V88/AC88)) -> 1633.3883 | E88: =IF(AD88<AK88,"",IF($B$78="Total vendu",W88,W88/AD88)) -> 1302.42 | F88: =IF(AE88<AL88,"",IF($B$78="Total vendu",X88,X88/AE88)) -> 1611.907 | G88: =IF(AF88<AM88,"",IF($B$78="Total vendu",Y88,Y88/AF88)) -> 1377.779 | T88: =SUMIFS(INDEX(Historique!$I$2:$Y$2107,0,Calculs!$C$73),Historique!$B$2:$B$2107,2014,Historique!$C$2:$C$2107,8) -> 1452.52 | U88: =SUMIFS(INDEX(Historique!$I$2:$Y$2107,0,Calculs!$C$73),Historique!$B$2:$B$2107,2015,Historique!$C$2:$C$2107,8) -> 1659.597 | V88: =SUMIFS(INDEX(Historique!$I$2:$Y$2107,0,Calculs!$C$73),Historique!$B$2:$B$2107,2016,Historique!$C$2:$C$2107,8) -> 1633.3883 | W88: =SUMIFS(INDEX(Historique!$I$2:$Y$2107,0,Calculs!$C$73),Historique!$B$2:$B$2107,2017,Historique!$C$2:$C$2107,8) -> 1302.42 | X88: =SUMIFS(INDEX(Historique!$I$2:$Y$2107,0,Calculs!$C$73),Historique!$B$2:$B$2107,2018,Historique!$C$2:$C$2107,8) -> 1611.907 | Y88: =SUMIFS(INDEX(Historique!$I$2:$Y$2107,0,Calculs!$C$73),Historique!$B$2:$B$2107,2019,Historique!$C$2:$C$2107,8) -> 1377.779 | AA88: =COUNTIFS(Historique!$B$2:$B$2107,2014,Historique!$C$2:$C$2107,8) -> 31 | AB88: =COUNTIFS(Historique!$B$2:$B$2107,2015,Historique!$C$2:$C$2107,8) -> 31 | AC88: =COUNTIFS(Historique!$B$2:$B$2107,2016,Historique!$C$2:$C$2107,8) -> 31 | AD88: =COUNTIFS(Historique!$B$2:$B$2107,2017,Historique!$C$2:$C$2107,8) -> 31 | AE88: =COUNTIFS(Historique!$B$2:$B$2107,2018,Historique!$C$2:$C$2107,8) -> 31 | AF88: =COUNTIFS(Historique!$B$2:$B$2107,2019,Historique!$C$2:$C$2107,8) -> 31 | AH88: =DAY(DATE(2014,9,0)) -> 31 | AI88: =DAY(DATE(2015,9,0)) -> 31 | AJ88: =DAY(DATE(2016,9,0)) -> 31 | AK88: =DAY(DATE(2017,9,0)) -> 31 | AL88: =DAY(DATE(2018,9,0)) -> 31 | AM88: =DAY(DATE(2019,9,0)) -> 31
A89: Septembre | B89: =IF(AA89<AH89,"",IF($B$78="Total vendu",T89,T89/AA89)) -> 1804.594 | C89: =IF(AB89<AI89,"",IF($B$78="Total vendu",U89,U89/AB89)) -> 1679.367 | D89: =IF(AC89<AJ89,"",IF($B$78="Total vendu",V89,V89/AC89)) -> 2049.877 | E89: =IF(AD89<AK89,"",IF($B$78="Total vendu",W89,W89/AD89)) -> 1660.841 | F89: =IF(AE89<AL89,"",IF($B$78="Total vendu",X89,X89/AE89)) -> 1981.374 | G89: =IF(AF89<AM89,"",IF($B$78="Total vendu",Y89,Y89/AF89)) -> 1824.8037 | T89: =SUMIFS(INDEX(Historique!$I$2:$Y$2107,0,Calculs!$C$73),Historique!$B$2:$B$2107,2014,Historique!$C$2:$C$2107,9) -> 1804.594 | U89: =SUMIFS(INDEX(Historique!$I$2:$Y$2107,0,Calculs!$C$73),Historique!$B$2:$B$2107,2015,Historique!$C$2:$C$2107,9) -> 1679.367 | V89: =SUMIFS(INDEX(Historique!$I$2:$Y$2107,0,Calculs!$C$73),Historique!$B$2:$B$2107,2016,Historique!$C$2:$C$2107,9) -> 2049.877 | W89: =SUMIFS(INDEX(Historique!$I$2:$Y$2107,0,Calculs!$C$73),Historique!$B$2:$B$2107,2017,Historique!$C$2:$C$2107,9) -> 1660.841 | X89: =SUMIFS(INDEX(Historique!$I$2:$Y$2107,0,Calculs!$C$73),Historique!$B$2:$B$2107,2018,Historique!$C$2:$C$2107,9) -> 1981.374 | Y89: =SUMIFS(INDEX(Historique!$I$2:$Y$2107,0,Calculs!$C$73),Historique!$B$2:$B$2107,2019,Historique!$C$2:$C$2107,9) -> 1824.8037 | AA89: =COUNTIFS(Historique!$B$2:$B$2107,2014,Historique!$C$2:$C$2107,9) -> 30 | AB89: =COUNTIFS(Historique!$B$2:$B$2107,2015,Historique!$C$2:$C$2107,9) -> 30 | AC89: =COUNTIFS(Historique!$B$2:$B$2107,2016,Historique!$C$2:$C$2107,9) -> 30 | AD89: =COUNTIFS(Historique!$B$2:$B$2107,2017,Historique!$C$2:$C$2107,9) -> 30 | AE89: =COUNTIFS(Historique!$B$2:$B$2107,2018,Historique!$C$2:$C$2107,9) -> 30 | AF89: =COUNTIFS(Historique!$B$2:$B$2107,2019,Historique!$C$2:$C$2107,9) -> 30 | AH89: =DAY(DATE(2014,10,0)) -> 30 | AI89: =DAY(DATE(2015,10,0)) -> 30 | AJ89: =DAY(DATE(2016,10,0)) -> 30 | AK89: =DAY(DATE(2017,10,0)) -> 30 | AL89: =DAY(DATE(2018,10,0)) -> 30 | AM89: =DAY(DATE(2019,10,0)) -> 30
A90: Octobre | B90: =IF(AA90<AH90,"",IF($B$78="Total vendu",T90,T90/AA90)) -> 2049.466 | C90: =IF(AB90<AI90,"",IF($B$78="Total vendu",U90,U90/AB90)) -> 2529.576 | D90: =IF(AC90<AJ90,"",IF($B$78="Total vendu",V90,V90/AC90)) -> 2655.391 | E90: =IF(AD90<AK90,"",IF($B$78="Total vendu",W90,W90/AD90)) -> 2131.123 | F90: =IF(AE90<AL90,"",IF($B$78="Total vendu",X90,X90/AE90)) -> 2195.335 | G90: =IF(AF90<AM90,"",IF($B$78="Total vendu",Y90,Y90/AF90)) | T90: =SUMIFS(INDEX(Historique!$I$2:$Y$2107,0,Calculs!$C$73),Historique!$B$2:$B$2107,2014,Historique!$C$2:$C$2107,10) -> 2049.466 | U90: =SUMIFS(INDEX(Historique!$I$2:$Y$2107,0,Calculs!$C$73),Historique!$B$2:$B$2107,2015,Historique!$C$2:$C$2107,10) -> 2529.576 | V90: =SUMIFS(INDEX(Historique!$I$2:$Y$2107,0,Calculs!$C$73),Historique!$B$2:$B$2107,2016,Historique!$C$2:$C$2107,10) -> 2655.391 | W90: =SUMIFS(INDEX(Historique!$I$2:$Y$2107,0,Calculs!$C$73),Historique!$B$2:$B$2107,2017,Historique!$C$2:$C$2107,10) -> 2131.123 | X90: =SUMIFS(INDEX(Historique!$I$2:$Y$2107,0,Calculs!$C$73),Historique!$B$2:$B$2107,2018,Historique!$C$2:$C$2107,10) -> 2195.335 | Y90: =SUMIFS(INDEX(Historique!$I$2:$Y$2107,0,Calculs!$C$73),Historique!$B$2:$B$2107,2019,Historique!$C$2:$C$2107,10) -> 538.6 | AA90: =COUNTIFS(Historique!$B$2:$B$2107,2014,Historique!$C$2:$C$2107,10) -> 31 | AB90: =COUNTIFS(Historique!$B$2:$B$2107,2015,Historique!$C$2:$C$2107,10) -> 31 | AC90: =COUNTIFS(Historique!$B$2:$B$2107,2016,Historique!$C$2:$C$2107,10) -> 31 | AD90: =COUNTIFS(Historique!$B$2:$B$2107,2017,Historique!$C$2:$C$2107,10) -> 31 | AE90: =COUNTIFS(Historique!$B$2:$B$2107,2018,Historique!$C$2:$C$2107,10) -> 31 | AF90: =COUNTIFS(Historique!$B$2:$B$2107,2019,Historique!$C$2:$C$2107,10) -> 8 | AH90: =DAY(DATE(2014,11,0)) -> 31 | AI90: =DAY(DATE(2015,11,0)) -> 31 | AJ90: =DAY(DATE(2016,11,0)) -> 31 | AK90: =DAY(DATE(2017,11,0)) -> 31 | AL90: =DAY(DATE(2018,11,0)) -> 31 | AM90: =DAY(DATE(2019,11,0)) -> 31
A91: Novembre | B91: =IF(AA91<AH91,"",IF($B$78="Total vendu",T91,T91/AA91)) -> 1770.64 | C91: =IF(AB91<AI91,"",IF($B$78="Total vendu",U91,U91/AB91)) -> 2106.888 | D91: =IF(AC91<AJ91,"",IF($B$78="Total vendu",V91,V91/AC91)) -> 1942.5993 | E91: =IF(AD91<AK91,"",IF($B$78="Total vendu",W91,W91/AD91)) -> 1705.579 | F91: =IF(AE91<AL91,"",IF($B$78="Total vendu",X91,X91/AE91)) -> 2008.677 | G91: =IF(AF91<AM91,"",IF($B$78="Total vendu",Y91,Y91/AF91)) | T91: =SUMIFS(INDEX(Historique!$I$2:$Y$2107,0,Calculs!$C$73),Historique!$B$2:$B$2107,2014,Historique!$C$2:$C$2107,11) -> 1770.64 | U91: =SUMIFS(INDEX(Historique!$I$2:$Y$2107,0,Calculs!$C$73),Historique!$B$2:$B$2107,2015,Historique!$C$2:$C$2107,11) -> 2106.888 | V91: =SUMIFS(INDEX(Historique!$I$2:$Y$2107,0,Calculs!$C$73),Historique!$B$2:$B$2107,2016,Historique!$C$2:$C$2107,11) -> 1942.5993 | W91: =SUMIFS(INDEX(Historique!$I$2:$Y$2107,0,Calculs!$C$73),Historique!$B$2:$B$2107,2017,Historique!$C$2:$C$2107,11) -> 1705.579 | X91: =SUMIFS(INDEX(Historique!$I$2:$Y$2107,0,Calculs!$C$73),Historique!$B$2:$B$2107,2018,Historique!$C$2:$C$2107,11) -> 2008.677 | Y91: =SUMIFS(INDEX(Historique!$I$2:$Y$2107,0,Calculs!$C$73),Historique!$B$2:$B$2107,2019,Historique!$C$2:$C$2107,11) -> 0 | AA91: =COUNTIFS(Historique!$B$2:$B$2107,2014,Historique!$C$2:$C$2107,11) -> 30 | AB91: =COUNTIFS(Historique!$B$2:$B$2107,2015,Historique!$C$2:$C$2107,11) -> 30 | AC91: =COUNTIFS(Historique!$B$2:$B$2107,2016,Historique!$C$2:$C$2107,11) -> 30 | AD91: =COUNTIFS(Historique!$B$2:$B$2107,2017,Historique!$C$2:$C$2107,11) -> 30 | AE91: =COUNTIFS(Historique!$B$2:$B$2107,2018,Historique!$C$2:$C$2107,11) -> 30 | AF91: =COUNTIFS(Historique!$B$2:$B$2107,2019,Historique!$C$2:$C$2107,11) -> 0 | AH91: =DAY(DATE(2014,12,0)) -> 30 | AI91: =DAY(DATE(2015,12,0)) -> 30 | AJ91: =DAY(DATE(2016,12,0)) -> 30 | AK91: =DAY(DATE(2017,12,0)) -> 30 | AL91: =DAY(DATE(2018,12,0)) -> 30 | AM91: =DAY(DATE(2019,12,0)) -> 30
A92: Décembre | B92: =IF(AA92<AH92,"",IF($B$78="Total vendu",T92,T92/AA92)) -> 2173.086 | C92: =IF(AB92<AI92,"",IF($B$78="Total vendu",U92,U92/AB92)) -> 2340.76 | D92: =IF(AC92<AJ92,"",IF($B$78="Total vendu",V92,V92/AC92)) -> 2681.985 | E92: =IF(AD92<AK92,"",IF($B$78="Total vendu",W92,W92/AD92)) -> 1966.602 | F92: =IF(AE92<AL92,"",IF($B$78="Total vendu",X92,X92/AE92)) -> 2507.947 | G92: =IF(AF92<AM92,"",IF($B$78="Total vendu",Y92,Y92/AF92)) | T92: =SUMIFS(INDEX(Historique!$I$2:$Y$2107,0,Calculs!$C$73),Historique!$B$2:$B$2107,2014,Historique!$C$2:$C$2107,12) -> 2173.086 | U92: =SUMIFS(INDEX(Historique!$I$2:$Y$2107,0,Calculs!$C$73),Historique!$B$2:$B$2107,2015,Historique!$C$2:$C$2107,12) -> 2340.76 | V92: =SUMIFS(INDEX(Historique!$I$2:$Y$2107,0,Calculs!$C$73),Historique!$B$2:$B$2107,2016,Historique!$C$2:$C$2107,12) -> 2681.985 | W92: =SUMIFS(INDEX(Historique!$I$2:$Y$2107,0,Calculs!$C$73),Historique!$B$2:$B$2107,2017,Historique!$C$2:$C$2107,12) -> 1966.602 | X92: =SUMIFS(INDEX(Historique!$I$2:$Y$2107,0,Calculs!$C$73),Historique!$B$2:$B$2107,2018,Historique!$C$2:$C$2107,12) -> 2507.947 | Y92: =SUMIFS(INDEX(Historique!$I$2:$Y$2107,0,Calculs!$C$73),Historique!$B$2:$B$2107,2019,Historique!$C$2:$C$2107,12) -> 0 | AA92: =COUNTIFS(Historique!$B$2:$B$2107,2014,Historique!$C$2:$C$2107,12) -> 31 | AB92: =COUNTIFS(Historique!$B$2:$B$2107,2015,Historique!$C$2:$C$2107,12) -> 31 | AC92: =COUNTIFS(Historique!$B$2:$B$2107,2016,Historique!$C$2:$C$2107,12) -> 31 | AD92: =COUNTIFS(Historique!$B$2:$B$2107,2017,Historique!$C$2:$C$2107,12) -> 31 | AE92: =COUNTIFS(Historique!$B$2:$B$2107,2018,Historique!$C$2:$C$2107,12) -> 31 | AF92: =COUNTIFS(Historique!$B$2:$B$2107,2019,Historique!$C$2:$C$2107,12) -> 0 | AH92: =DAY(DATE(2014,13,0)) -> 31 | AI92: =DAY(DATE(2015,13,0)) -> 31 | AJ92: =DAY(DATE(2016,13,0)) -> 31 | AK92: =DAY(DATE(2017,13,0)) -> 31 | AL92: =DAY(DATE(2018,13,0)) -> 31 | AM92: =DAY(DATE(2019,13,0)) -> 31
A93: =IF($B$78="Total vendu","Total","Moyenne") -> Total | B93: =IF(SUMPRODUCT((AA81:AA92=AH81:AH92)*AA81:AA92)=0,"",IF($B$78="Total vendu",SUMPRODUCT((AA81:AA92=AH81:AH92)*T81:T92),SUMPRODUCT((AA81:AA92=AH81:AH92)*T81:T92)/SUMPRODUCT((AA81:AA92=AH81:AH92)*AA81:AA92))) -> 18556.309 | C93: =IF(SUMPRODUCT((AB81:AB92=AI81:AI92)*AB81:AB92)=0,"",IF($B$78="Total vendu",SUMPRODUCT((AB81:AB92=AI81:AI92)*U81:U92),SUMPRODUCT((AB81:AB92=AI81:AI92)*U81:U92)/SUMPRODUCT((AB81:AB92=AI81:AI92)*AB81:AB92))) -> 23057.574 | D93: =IF(SUMPRODUCT((AC81:AC92=AJ81:AJ92)*AC81:AC92)=0,"",IF($B$78="Total vendu",SUMPRODUCT((AC81:AC92=AJ81:AJ92)*V81:V92),SUMPRODUCT((AC81:AC92=AJ81:AJ92)*V81:V92)/SUMPRODUCT((AC81:AC92=AJ81:AJ92)*AC81:AC92))) -> 25559.626 | E93: =IF(SUMPRODUCT((AD81:AD92=AK81:AK92)*AD81:AD92)=0,"",IF($B$78="Total vendu",SUMPRODUCT((AD81:AD92=AK81:AK92)*W81:W92),SUMPRODUCT((AD81:AD92=AK81:AK92)*W81:W92)/SUMPRODUCT((AD81:AD92=AK81:AK92)*AD81:AD92))) -> 19362.431 | F93: =IF(SUMPRODUCT((AE81:AE92=AL81:AL92)*AE81:AE92)=0,"",IF($B$78="Total vendu",SUMPRODUCT((AE81:AE92=AL81:AL92)*X81:X92),SUMPRODUCT((AE81:AE92=AL81:AL92)*X81:X92)/SUMPRODUCT((AE81:AE92=AL81:AL92)*AE81:AE92))) -> 23354.228 | G93: =IF(SUMPRODUCT((AF81:AF92=AM81:AM92)*AF81:AF92)=0,"",IF($B$78="Total vendu",SUMPRODUCT((AF81:AF92=AM81:AM92)*Y81:Y92),SUMPRODUCT((AF81:AF92=AM81:AM92)*Y81:Y92)/SUMPRODUCT((AF81:AF92=AM81:AM92)*AF81:AF92))) -> 16880.288
A95: Suit le filtre Médicament. Plus la case est foncée, plus le mois a vendu. Seuls les mois complets sont affichés et comptés dans le total de l'année.

Sheet Environnement
A1: Environnement | J1: =HYPERLINK("#Accueil!A1","← Accueil") -> ← Accueil | K1: =HYPERLINK("#Activite!A1","Activité") -> Activité | U1: =IF($U$2,"Une année moyenne : ventes, semaine par semaine","Une année moyenne : "&INDEX({"épidémie de grippe","gastro-entérite","varicelle","température","pollens"},$U$3)&" et ventes, semaine par semaine") -> Une année moyenne : ventes, semaine par semaine
A2: Ventes hebdomadaires de la pharmacie comparées à une donnée publique externe. | U2: =$B$3="Tous" -> TRUE
A3: Facteur | B3: Tous | U3: =IFERROR(MATCH($B$3,{"Grippe","Gastro-entérite","Varicelle","Température","Pollens"},0),1) -> 1
A4: Source | B4: =IF($U$2,"Réseau Sentinelles (grippe, gastro-entérite, varicelle) ; Météo-France (température) ; RNSA (pollens)",INDEX({"Réseau Sentinelles — Inserm, Sorbonne Université (sentiweb.fr)","Réseau Sentinelles — Inserm, Sorbonne Université (sentiweb.fr)","Réseau Sentinelles — Inserm, Sorbonne Université (sentiweb.fr)","Météo-France (meteo.data.gouv.fr)","RNSA — Réseau national de surveillance aérobiologique (pollens.fr)"},$U$3)) -> Réseau Sentinelles (grippe, gastro-entérite, varicelle) ; Météo-France (température) ; RNSA (pollens)
A5: Indicateur | B5: =IF($U$2,"Incidences hebdomadaires France entière pour 100 000 habitants ; température moyenne près de Montpellier (°C) ; pollens de graminées à Montpellier (grains / m³)",INDEX({"Incidence hebdomadaire des syndromes grippaux, pour 100 000 habitants","Incidence hebdomadaire des diarrhées aiguës, France entière, pour 100 000 habitants","Incidence hebdomadaire de la varicelle, France entière, pour 100 000 habitants","Température moyenne quotidienne (TNTXM) des stations à moins de 25 km de Montpellier, moyenne de la semaine, en °C","Pollens de graminées, capteur de Montpellier, moyenne de la semaine, en grains par m³ et par jour"},$U$3)) -> Incidences hebdomadaires France entière pour 100 000 habitants ; température moyenne près de Montpellier (°C) ; pollens de graminées à Montpellier (grains / m³)
A6: Accès | B6: =IF($U$2,"API publique du Réseau Sentinelles ; data.gouv.fr (Météo-France, RNSA), extraction du 12/10/2026",INDEX({"API publique : www.sentiweb.fr/api/v1/datasets/rest/incidence (indicator=3, geo=PAY), extraction du 09/10/2026","API publique : www.sentiweb.fr/api/v1/datasets/rest/incidence (indicator=6, geo=PAY), extraction du 12/10/2026","API publique : www.sentiweb.fr/api/v1/datasets/rest/incidence (indicator=7, geo=PAY), extraction du 12/10/2026","data.gouv.fr : Données climatologiques de base - quotidiennes (Météo-France), extraction du 12/10/2026","data.gouv.fr : Données historiques de surveillance des pollens et des moisissures (RNSA), extraction du 12/10/2026"},$U$3)) -> API publique du Réseau Sentinelles ; data.gouv.fr (Météo-France, RNSA), extraction du 12/10/2026
A7: Fichier | B7: =IF($U$2,"dashboard/externe/epidemies_france_hebdo.csv, meteo_hebdo.csv, pollens_hebdo.csv",INDEX({"data/externe/sentinelles_syndromes_grippaux_france_2014_2019.csv","dashboard/externe/epidemies_france_hebdo.csv","dashboard/externe/epidemies_france_hebdo.csv","dashboard/externe/meteo_hebdo.csv","dashboard/externe/pollens_hebdo.csv"},$U$3)) -> dashboard/externe/epidemies_france_hebdo.csv, meteo_hebdo.csv, pollens_hebdo.csv
A9: Résultat
A10: Code ATC | B10: =IF($U$2,"Grippe","Les ventes et "&INDEX({"la grippe","la gastro-entérite","la varicelle","la température","les pollens"},$U$3)) -> Grippe | C10: =IF($U$2,"Gastro-entérite","Part des hausses et baisses de ventes liée à "&INDEX({"la grippe","la gastro-entérite","la varicelle","la température","les pollens"},$U$3)) -> Gastro-entérite | D10: =IF($U$2,"Varicelle","") -> Varicelle | E10: =IF($U$2,"Température","") -> Température | F10: =IF($U$2,"Pollens","") -> Pollens
A11: M01AB | B11: =IF($U$2,IF(COUNT($U$61:$U$360)<10,"",IF(ABS(CORREL($U$61:$U$360,$D$61:$D$360))<0.2,"",IF(CORREL($U$61:$U$360,$D$61:$D$360)>0,"Hausse","Baisse")&" ("&ROUND(RSQ($D$61:$D$360,$U$61:$U$360)*100,0)&" %)")),IF(ABS(CORREL($C$61:$C$360,$D$61:$D$360))<0.2,"",IF(CORREL($C$61:$C$360,$D$61:$D$360)>0,INDEX({"Hausse","Hausse","Hausse","Hausse au chaud","Hausse"},$U$3),INDEX({"Baisse","Baisse","Baisse","Hausse au froid","Baisse"},$U$3)))) | C11: =IF($U$2,IF(COUNT($V$61:$V$360)<10,"",IF(ABS(CORREL($V$61:$V$360,$D$61:$D$360))<0.2,"",IF(CORREL($V$61:$V$360,$D$61:$D$360)>0,"Hausse","Baisse")&" ("&ROUND(RSQ($D$61:$D$360,$V$61:$V$360)*100,0)&" %)")),IF(B11="","",RSQ($D$61:$D$360,$C$61:$C$360))) | D11: =IF($U$2,IF(COUNT($W$61:$W$360)<10,"",IF(ABS(CORREL($W$61:$W$360,$D$61:$D$360))<0.2,"",IF(CORREL($W$61:$W$360,$D$61:$D$360)>0,"Hausse","Baisse")&" ("&ROUND(RSQ($D$61:$D$360,$W$61:$W$360)*100,0)&" %)")),"") | E11: =IF($U$2,IF(COUNT($X$61:$X$360)<10,"",IF(ABS(CORREL($X$61:$X$360,$D$61:$D$360))<0.2,"",IF(CORREL($X$61:$X$360,$D$61:$D$360)>0,"Hausse au chaud","Hausse au froid")&" ("&ROUND(RSQ($D$61:$D$360,$X$61:$X$360)*100,0)&" %)")),"") | F11: =IF($U$2,IF(COUNT($Y$61:$Y$360)<10,"",IF(ABS(CORREL($Y$61:$Y$360,$D$61:$D$360))<0.2,"",IF(CORREL($Y$61:$Y$360,$D$61:$D$360)>0,"Hausse","Baisse")&" ("&ROUND(RSQ($D$61:$D$360,$Y$61:$Y$360)*100,0)&" %)")),"")
A12: M01AE | B12: =IF($U$2,IF(COUNT($U$61:$U$360)<10,"",IF(ABS(CORREL($U$61:$U$360,$E$61:$E$360))<0.2,"",IF(CORREL($U$61:$U$360,$E$61:$E$360)>0,"Hausse","Baisse")&" ("&ROUND(RSQ($E$61:$E$360,$U$61:$U$360)*100,0)&" %)")),IF(ABS(CORREL($C$61:$C$360,$E$61:$E$360))<0.2,"",IF(CORREL($C$61:$C$360,$E$61:$E$360)>0,INDEX({"Hausse","Hausse","Hausse","Hausse au chaud","Hausse"},$U$3),INDEX({"Baisse","Baisse","Baisse","Hausse au froid","Baisse"},$U$3)))) -> Hausse (15 %) | C12: =IF($U$2,IF(COUNT($V$61:$V$360)<10,"",IF(ABS(CORREL($V$61:$V$360,$E$61:$E$360))<0.2,"",IF(CORREL($V$61:$V$360,$E$61:$E$360)>0,"Hausse","Baisse")&" ("&ROUND(RSQ($E$61:$E$360,$V$61:$V$360)*100,0)&" %)")),IF(B12="","",RSQ($E$61:$E$360,$C$61:$C$360))) -> Hausse (7 %) | D12: =IF($U$2,IF(COUNT($W$61:$W$360)<10,"",IF(ABS(CORREL($W$61:$W$360,$E$61:$E$360))<0.2,"",IF(CORREL($W$61:$W$360,$E$61:$E$360)>0,"Hausse","Baisse")&" ("&ROUND(RSQ($E$61:$E$360,$W$61:$W$360)*100,0)&" %)")),"") | E12: =IF($U$2,IF(COUNT($X$61:$X$360)<10,"",IF(ABS(CORREL($X$61:$X$360,$E$61:$E$360))<0.2,"",IF(CORREL($X$61:$X$360,$E$61:$E$360)>0,"Hausse au chaud","Hausse au froid")&" ("&ROUND(RSQ($E$61:$E$360,$X$61:$X$360)*100,0)&" %)")),"") -> Hausse au froid (9 %) | F12: =IF($U$2,IF(COUNT($Y$61:$Y$360)<10,"",IF(ABS(CORREL($Y$61:$Y$360,$E$61:$E$360))<0.2,"",IF(CORREL($Y$61:$Y$360,$E$61:$E$360)>0,"Hausse","Baisse")&" ("&ROUND(RSQ($E$61:$E$360,$Y$61:$Y$360)*100,0)&" %)")),"")
A13: N02BA | B13: =IF($U$2,IF(COUNT($U$61:$U$360)<10,"",IF(ABS(CORREL($U$61:$U$360,$F$61:$F$360))<0.2,"",IF(CORREL($U$61:$U$360,$F$61:$F$360)>0,"Hausse","Baisse")&" ("&ROUND(RSQ($F$61:$F$360,$U$61:$U$360)*100,0)&" %)")),IF(ABS(CORREL($C$61:$C$360,$F$61:$F$360))<0.2,"",IF(CORREL($C$61:$C$360,$F$61:$F$360)>0,INDEX({"Hausse","Hausse","Hausse","Hausse au chaud","Hausse"},$U$3),INDEX({"Baisse","Baisse","Baisse","Hausse au froid","Baisse"},$U$3)))) -> Hausse (6 %) | C13: =IF($U$2,IF(COUNT($V$61:$V$360)<10,"",IF(ABS(CORREL($V$61:$V$360,$F$61:$F$360))<0.2,"",IF(CORREL($V$61:$V$360,$F$61:$F$360)>0,"Hausse","Baisse")&" ("&ROUND(RSQ($F$61:$F$360,$V$61:$V$360)*100,0)&" %)")),IF(B13="","",RSQ($F$61:$F$360,$C$61:$C$360))) -> Hausse (15 %) | D13: =IF($U$2,IF(COUNT($W$61:$W$360)<10,"",IF(ABS(CORREL($W$61:$W$360,$F$61:$F$360))<0.2,"",IF(CORREL($W$61:$W$360,$F$61:$F$360)>0,"Hausse","Baisse")&" ("&ROUND(RSQ($F$61:$F$360,$W$61:$W$360)*100,0)&" %)")),"") | E13: =IF($U$2,IF(COUNT($X$61:$X$360)<10,"",IF(ABS(CORREL($X$61:$X$360,$F$61:$F$360))<0.2,"",IF(CORREL($X$61:$X$360,$F$61:$F$360)>0,"Hausse au chaud","Hausse au froid")&" ("&ROUND(RSQ($F$61:$F$360,$X$61:$X$360)*100,0)&" %)")),"") -> Hausse au froid (8 %) | F13: =IF($U$2,IF(COUNT($Y$61:$Y$360)<10,"",IF(ABS(CORREL($Y$61:$Y$360,$F$61:$F$360))<0.2,"",IF(CORREL($Y$61:$Y$360,$F$61:$F$360)>0,"Hausse","Baisse")&" ("&ROUND(RSQ($F$61:$F$360,$Y$61:$Y$360)*100,0)&" %)")),"")
A14: N02BE | B14: =IF($U$2,IF(COUNT($U$61:$U$360)<10,"",IF(ABS(CORREL($U$61:$U$360,$G$61:$G$360))<0.2,"",IF(CORREL($U$61:$U$360,$G$61:$G$360)>0,"Hausse","Baisse")&" ("&ROUND(RSQ($G$61:$G$360,$U$61:$U$360)*100,0)&" %)")),IF(ABS(CORREL($C$61:$C$360,$G$61:$G$360))<0.2,"",IF(CORREL($C$61:$C$360,$G$61:$G$360)>0,INDEX({"Hausse","Hausse","Hausse","Hausse au chaud","Hausse"},$U$3),INDEX({"Baisse","Baisse","Baisse","Hausse au froid","Baisse"},$U$3)))) -> Hausse (17 %) | C14: =IF($U$2,IF(COUNT($V$61:$V$360)<10,"",IF(ABS(CORREL($V$61:$V$360,$G$61:$G$360))<0.2,"",IF(CORREL($V$61:$V$360,$G$61:$G$360)>0,"Hausse","Baisse")&" ("&ROUND(RSQ($G$61:$G$360,$V$61:$V$360)*100,0)&" %)")),IF(B14="","",RSQ($G$61:$G$360,$C$61:$C$360))) -> Hausse (34 %) | D14: =IF($U$2,IF(COUNT($W$61:$W$360)<10,"",IF(ABS(CORREL($W$61:$W$360,$G$61:$G$360))<0.2,"",IF(CORREL($W$61:$W$360,$G$61:$G$360)>0,"Hausse","Baisse")&" ("&ROUND(RSQ($G$61:$G$360,$W$61:$W$360)*100,0)&" %)")),"") | E14: =IF($U$2,IF(COUNT($X$61:$X$360)<10,"",IF(ABS(CORREL($X$61:$X$360,$G$61:$G$360))<0.2,"",IF(CORREL($X$61:$X$360,$G$61:$G$360)>0,"Hausse au chaud","Hausse au froid")&" ("&ROUND(RSQ($G$61:$G$360,$X$61:$X$360)*100,0)&" %)")),"") -> Hausse au froid (33 %) | F14: =IF($U$2,IF(COUNT($Y$61:$Y$360)<10,"",IF(ABS(CORREL($Y$61:$Y$360,$G$61:$G$360))<0.2,"",IF(CORREL($Y$61:$Y$360,$G$61:$G$360)>0,"Hausse","Baisse")&" ("&ROUND(RSQ($G$61:$G$360,$Y$61:$Y$360)*100,0)&" %)")),"") -> Baisse (7 %)
A15: N05B | B15: =IF($U$2,IF(COUNT($U$61:$U$360)<10,"",IF(ABS(CORREL($U$61:$U$360,$H$61:$H$360))<0.2,"",IF(CORREL($U$61:$U$360,$H$61:$H$360)>0,"Hausse","Baisse")&" ("&ROUND(RSQ($H$61:$H$360,$U$61:$U$360)*100,0)&" %)")),IF(ABS(CORREL($C$61:$C$360,$H$61:$H$360))<0.2,"",IF(CORREL($C$61:$C$360,$H$61:$H$360)>0,INDEX({"Hausse","Hausse","Hausse","Hausse au chaud","Hausse"},$U$3),INDEX({"Baisse","Baisse","Baisse","Hausse au froid","Baisse"},$U$3)))) | C15: =IF($U$2,IF(COUNT($V$61:$V$360)<10,"",IF(ABS(CORREL($V$61:$V$360,$H$61:$H$360))<0.2,"",IF(CORREL($V$61:$V$360,$H$61:$H$360)>0,"Hausse","Baisse")&" ("&ROUND(RSQ($H$61:$H$360,$V$61:$V$360)*100,0)&" %)")),IF(B15="","",RSQ($H$61:$H$360,$C$61:$C$360))) -> Hausse (7 %) | D15: =IF($U$2,IF(COUNT($W$61:$W$360)<10,"",IF(ABS(CORREL($W$61:$W$360,$H$61:$H$360))<0.2,"",IF(CORREL($W$61:$W$360,$H$61:$H$360)>0,"Hausse","Baisse")&" ("&ROUND(RSQ($H$61:$H$360,$W$61:$W$360)*100,0)&" %)")),"") | E15: =IF($U$2,IF(COUNT($X$61:$X$360)<10,"",IF(ABS(CORREL($X$61:$X$360,$H$61:$H$360))<0.2,"",IF(CORREL($X$61:$X$360,$H$61:$H$360)>0,"Hausse au chaud","Hausse au froid")&" ("&ROUND(RSQ($H$61:$H$360,$X$61:$X$360)*100,0)&" %)")),"") | F15: =IF($U$2,IF(COUNT($Y$61:$Y$360)<10,"",IF(ABS(CORREL($Y$61:$Y$360,$H$61:$H$360))<0.2,"",IF(CORREL($Y$61:$Y$360,$H$61:$H$360)>0,"Hausse","Baisse")&" ("&ROUND(RSQ($H$61:$H$360,$Y$61:$Y$360)*100,0)&" %)")),"")
A16: N05C | B16: =IF($U$2,IF(COUNT($U$61:$U$360)<10,"",IF(ABS(CORREL($U$61:$U$360,$I$61:$I$360))<0.2,"",IF(CORREL($U$61:$U$360,$I$61:$I$360)>0,"Hausse","Baisse")&" ("&ROUND(RSQ($I$61:$I$360,$U$61:$U$360)*100,0)&" %)")),IF(ABS(CORREL($C$61:$C$360,$I$61:$I$360))<0.2,"",IF(CORREL($C$61:$C$360,$I$61:$I$360)>0,INDEX({"Hausse","Hausse","Hausse","Hausse au chaud","Hausse"},$U$3),INDEX({"Baisse","Baisse","Baisse","Hausse au froid","Baisse"},$U$3)))) | C16: =IF($U$2,IF(COUNT($V$61:$V$360)<10,"",IF(ABS(CORREL($V$61:$V$360,$I$61:$I$360))<0.2,"",IF(CORREL($V$61:$V$360,$I$61:$I$360)>0,"Hausse","Baisse")&" ("&ROUND(RSQ($I$61:$I$360,$V$61:$V$360)*100,0)&" %)")),IF(B16="","",RSQ($I$61:$I$360,$C$61:$C$360))) | D16: =IF($U$2,IF(COUNT($W$61:$W$360)<10,"",IF(ABS(CORREL($W$61:$W$360,$I$61:$I$360))<0.2,"",IF(CORREL($W$61:$W$360,$I$61:$I$360)>0,"Hausse","Baisse")&" ("&ROUND(RSQ($I$61:$I$360,$W$61:$W$360)*100,0)&" %)")),"") | E16: =IF($U$2,IF(COUNT($X$61:$X$360)<10,"",IF(ABS(CORREL($X$61:$X$360,$I$61:$I$360))<0.2,"",IF(CORREL($X$61:$X$360,$I$61:$I$360)>0,"Hausse au chaud","Hausse au froid")&" ("&ROUND(RSQ($I$61:$I$360,$X$61:$X$360)*100,0)&" %)")),"") | F16: =IF($U$2,IF(COUNT($Y$61:$Y$360)<10,"",IF(ABS(CORREL($Y$61:$Y$360,$I$61:$I$360))<0.2,"",IF(CORREL($Y$61:$Y$360,$I$61:$I$360)>0,"Hausse","Baisse")&" ("&ROUND(RSQ($I$61:$I$360,$Y$61:$Y$360)*100,0)&" %)")),"")
A17: R03 | B17: =IF($U$2,IF(COUNT($U$61:$U$360)<10,"",IF(ABS(CORREL($U$61:$U$360,$J$61:$J$360))<0.2,"",IF(CORREL($U$61:$U$360,$J$61:$J$360)>0,"Hausse","Baisse")&" ("&ROUND(RSQ($J$61:$J$360,$U$61:$U$360)*100,0)&" %)")),IF(ABS(CORREL($C$61:$C$360,$J$61:$J$360))<0.2,"",IF(CORREL($C$61:$C$360,$J$61:$J$360)>0,INDEX({"Hausse","Hausse","Hausse","Hausse au chaud","Hausse"},$U$3),INDEX({"Baisse","Baisse","Baisse","Hausse au froid","Baisse"},$U$3)))) -> Hausse (8 %) | C17: =IF($U$2,IF(COUNT($V$61:$V$360)<10,"",IF(ABS(CORREL($V$61:$V$360,$J$61:$J$360))<0.2,"",IF(CORREL($V$61:$V$360,$J$61:$J$360)>0,"Hausse","Baisse")&" ("&ROUND(RSQ($J$61:$J$360,$V$61:$V$360)*100,0)&" %)")),IF(B17="","",RSQ($J$61:$J$360,$C$61:$C$360))) -> Hausse (8 %) | D17: =IF($U$2,IF(COUNT($W$61:$W$360)<10,"",IF(ABS(CORREL($W$61:$W$360,$J$61:$J$360))<0.2,"",IF(CORREL($W$61:$W$360,$J$61:$J$360)>0,"Hausse","Baisse")&" ("&ROUND(RSQ($J$61:$J$360,$W$61:$W$360)*100,0)&" %)")),"") | E17: =IF($U$2,IF(COUNT($X$61:$X$360)<10,"",IF(ABS(CORREL($X$61:$X$360,$J$61:$J$360))<0.2,"",IF(CORREL($X$61:$X$360,$J$61:$J$360)>0,"Hausse au chaud","Hausse au froid")&" ("&ROUND(RSQ($J$61:$J$360,$X$61:$X$360)*100,0)&" %)")),"") -> Hausse au froid (21 %) | F17: =IF($U$2,IF(COUNT($Y$61:$Y$360)<10,"",IF(ABS(CORREL($Y$61:$Y$360,$J$61:$J$360))<0.2,"",IF(CORREL($Y$61:$Y$360,$J$61:$J$360)>0,"Hausse","Baisse")&" ("&ROUND(RSQ($J$61:$J$360,$Y$61:$Y$360)*100,0)&" %)")),"")
A18: R06 | B18: =IF($U$2,IF(COUNT($U$61:$U$360)<10,"",IF(ABS(CORREL($U$61:$U$360,$K$61:$K$360))<0.2,"",IF(CORREL($U$61:$U$360,$K$61:$K$360)>0,"Hausse","Baisse")&" ("&ROUND(RSQ($K$61:$K$360,$U$61:$U$360)*100,0)&" %)")),IF(ABS(CORREL($C$61:$C$360,$K$61:$K$360))<0.2,"",IF(CORREL($C$61:$C$360,$K$61:$K$360)>0,INDEX({"Hausse","Hausse","Hausse","Hausse au chaud","Hausse"},$U$3),INDEX({"Baisse","Baisse","Baisse","Hausse au froid","Baisse"},$U$3)))) -> Baisse (10 %) | C18: =IF($U$2,IF(COUNT($V$61:$V$360)<10,"",IF(ABS(CORREL($V$61:$V$360,$K$61:$K$360))<0.2,"",IF(CORREL($V$61:$V$360,$K$61:$K$360)>0,"Hausse","Baisse")&" ("&ROUND(RSQ($K$61:$K$360,$V$61:$V$360)*100,0)&" %)")),IF(B18="","",RSQ($K$61:$K$360,$C$61:$C$360))) -> Baisse (28 %) | D18: =IF($U$2,IF(COUNT($W$61:$W$360)<10,"",IF(ABS(CORREL($W$61:$W$360,$K$61:$K$360))<0.2,"",IF(CORREL($W$61:$W$360,$K$61:$K$360)>0,"Hausse","Baisse")&" ("&ROUND(RSQ($K$61:$K$360,$W$61:$W$360)*100,0)&" %)")),"") -> Hausse (19 %) | E18: =IF($U$2,IF(COUNT($X$61:$X$360)<10,"",IF(ABS(CORREL($X$61:$X$360,$K$61:$K$360))<0.2,"",IF(CORREL($X$61:$X$360,$K$61:$K$360)>0,"Hausse au chaud","Hausse au froid")&" ("&ROUND(RSQ($K$61:$K$360,$X$61:$X$360)*100,0)&" %)")),"") -> Hausse au chaud (12 %) | F18: =IF($U$2,IF(COUNT($Y$61:$Y$360)<10,"",IF(ABS(CORREL($Y$61:$Y$360,$K$61:$K$360))<0.2,"",IF(CORREL($Y$61:$Y$360,$K$61:$K$360)>0,"Hausse","Baisse")&" ("&ROUND(RSQ($K$61:$K$360,$Y$61:$Y$360)*100,0)&" %)")),"") -> Hausse (11 %)
A19: Toutes ventes | B19: =IF($U$2,IF(COUNT($U$61:$U$360)<10,"",IF(ABS(CORREL($U$61:$U$360,$L$61:$L$360))<0.2,"",IF(CORREL($U$61:$U$360,$L$61:$L$360)>0,"Hausse","Baisse")&" ("&ROUND(RSQ($L$61:$L$360,$U$61:$U$360)*100,0)&" %)")),IF(ABS(CORREL($C$61:$C$360,$L$61:$L$360))<0.2,"",IF(CORREL($C$61:$C$360,$L$61:$L$360)>0,INDEX({"Hausse","Hausse","Hausse","Hausse au chaud","Hausse"},$U$3),INDEX({"Baisse","Baisse","Baisse","Hausse au froid","Baisse"},$U$3)))) -> Hausse (18 %) | C19: =IF($U$2,IF(COUNT($V$61:$V$360)<10,"",IF(ABS(CORREL($V$61:$V$360,$L$61:$L$360))<0.2,"",IF(CORREL($V$61:$V$360,$L$61:$L$360)>0,"Hausse","Baisse")&" ("&ROUND(RSQ($L$61:$L$360,$V$61:$V$360)*100,0)&" %)")),IF(B19="","",RSQ($L$61:$L$360,$C$61:$C$360))) -> Hausse (34 %) | D19: =IF($U$2,IF(COUNT($W$61:$W$360)<10,"",IF(ABS(CORREL($W$61:$W$360,$L$61:$L$360))<0.2,"",IF(CORREL($W$61:$W$360,$L$61:$L$360)>0,"Hausse","Baisse")&" ("&ROUND(RSQ($L$61:$L$360,$W$61:$W$360)*100,0)&" %)")),"") | E19: =IF($U$2,IF(COUNT($X$61:$X$360)<10,"",IF(ABS(CORREL($X$61:$X$360,$L$61:$L$360))<0.2,"",IF(CORREL($X$61:$X$360,$L$61:$L$360)>0,"Hausse au chaud","Hausse au froid")&" ("&ROUND(RSQ($L$61:$L$360,$X$61:$X$360)*100,0)&" %)")),"") -> Hausse au froid (36 %) | F19: =IF($U$2,IF(COUNT($Y$61:$Y$360)<10,"",IF(ABS(CORREL($Y$61:$Y$360,$L$61:$L$360))<0.2,"",IF(CORREL($Y$61:$Y$360,$L$61:$L$360)>0,"Hausse","Baisse")&" ("&ROUND(RSQ($L$61:$L$360,$Y$61:$Y$360)*100,0)&" %)")),"") -> Baisse (5 %)
A21: =IF($U$2,"Hausse ou baisse : sens dans lequel les ventes évoluent avec le facteur ; entre parenthèses, part des hausses et baisses des ventes qui vont de pair avec lui. Case vide : pas de lien.",IF(C19="","","Exemple : "&ROUND(C19*100,0)&" % pour toutes les ventes signifie que, d'une semaine à l'autre, "&ROUND(C19*100,0)&" % des hausses et des baisses des ventes vont de pair avec "&INDEX({"l'épidémie de grippe en France","la gastro-entérite en France","la varicelle en France","la température à Montpellier","les pollens de graminées à Montpellier"},$U$3)&" ; les "&(100-ROUND(C19*100,0))&" % restants dépendent d'autres facteurs.")) -> Hausse ou baisse : sens dans lequel les ventes évoluent avec le facteur ; entre parenthèses, part des hausses et baisses des ventes qui vont de pair avec lui. Case vide : pas de lien.
A22: Population, médecins, revenus, accès et concurrence se mesurent par commune (INSEE, Annuaire santé) : l'adresse de la pharmacie ne figure pas dans l'export.
A24: =IF($U$2,"Pic moyen de chaque facteur","Pic "&INDEX({"de l'épidémie","de l'épidémie","de l'épidémie","de température","des pollens"},$U$3)&", hiver par hiver") -> Pic moyen de chaque facteur
A25: =IF($U$2,"Facteur","Hiver") -> Facteur | B25: =IF($U$2,"Pic moyen","Semaine du pic") -> Pic moyen | C25: =IF($U$2,"","Lundi") | D25: =IF($U$2,"",INDEX({"Cas / 100 000 hab.","Cas / 100 000 hab.","Cas / 100 000 hab.","Température (°C)","Graminées (grains / m³)"},$U$3)) | E25: =IF($U$2,"","Ventes de la semaine") | F25: =IF($U$2,"","Vs semaine moyenne")
A26: =IF($U$2,"Grippe","2013-2014") -> Grippe | B26: =IF($U$2,IF(DAY(DATE(2019,1,3)+7*(INDEX($P$61:$P$112,MATCH(MAX($Z$61:$Z$112),$Z$61:$Z$112,0))-1))<=10,"Début ",IF(DAY(DATE(2019,1,3)+7*(INDEX($P$61:$P$112,MATCH(MAX($Z$61:$Z$112),$Z$61:$Z$112,0))-1))<=20,"Mi-","Fin "))&LOWER(INDEX(Calculs!$A$6:$A$17,MONTH(DATE(2019,1,3)+7*(INDEX($P$61:$P$112,MATCH(MAX($Z$61:$Z$112),$Z$61:$Z$112,0))-1)))),INDEX($A$61:$A$88,MATCH(MAX($C$61:$C$88),$C$61:$C$88,0))) -> Début février | C26: =IF($U$2,"",INDEX($B$61:$B$88,MATCH(MAX($C$61:$C$88),$C$61:$C$88,0))) | D26: =IF($U$2,"",MAX($C$61:$C$88)) | E26: =IF($U$2,"",INDEX($L$61:$L$88,MATCH(MAX($C$61:$C$88),$C$61:$C$88,0))) | F26: =IF($U$2,"",E26/AVERAGE($L$61:$L$360)-1)
A27: =IF($U$2,"Gastro-entérite","2014-2015") -> Gastro-entérite | B27: =IF($U$2,IF(DAY(DATE(2019,1,3)+7*(INDEX($P$61:$P$112,MATCH(MAX($AA$61:$AA$112),$AA$61:$AA$112,0))-1))<=10,"Début ",IF(DAY(DATE(2019,1,3)+7*(INDEX($P$61:$P$112,MATCH(MAX($AA$61:$AA$112),$AA$61:$AA$112,0))-1))<=20,"Mi-","Fin "))&LOWER(INDEX(Calculs!$A$6:$A$17,MONTH(DATE(2019,1,3)+7*(INDEX($P$61:$P$112,MATCH(MAX($AA$61:$AA$112),$AA$61:$AA$112,0))-1)))),INDEX($A$89:$A$140,MATCH(MAX($C$89:$C$140),$C$89:$C$140,0))) -> Début janvier | C27: =IF($U$2,"",INDEX($B$89:$B$140,MATCH(MAX($C$89:$C$140),$C$89:$C$140,0))) | D27: =IF($U$2,"",MAX($C$89:$C$140)) | E27: =IF($U$2,"",INDEX($L$89:$L$140,MATCH(MAX($C$89:$C$140),$C$89:$C$140,0))) | F27: =IF($U$2,"",E27/AVERAGE($L$61:$L$360)-1)
A28: =IF($U$2,"Varicelle","2015-2016") -> Varicelle | B28: =IF($U$2,IF(DAY(DATE(2019,1,3)+7*(INDEX($P$61:$P$112,MATCH(MAX($AB$61:$AB$112),$AB$61:$AB$112,0))-1))<=10,"Début ",IF(DAY(DATE(2019,1,3)+7*(INDEX($P$61:$P$112,MATCH(MAX($AB$61:$AB$112),$AB$61:$AB$112,0))-1))<=20,"Mi-","Fin "))&LOWER(INDEX(Calculs!$A$6:$A$17,MONTH(DATE(2019,1,3)+7*(INDEX($P$61:$P$112,MATCH(MAX($AB$61:$AB$112),$AB$61:$AB$112,0))-1)))),INDEX($A$141:$A$193,MATCH(MAX($C$141:$C$193),$C$141:$C$193,0))) -> Mi-avril | C28: =IF($U$2,"",INDEX($B$141:$B$193,MATCH(MAX($C$141:$C$193),$C$141:$C$193,0))) | D28: =IF($U$2,"",MAX($C$141:$C$193)) | E28: =IF($U$2,"",INDEX($L$141:$L$193,MATCH(MAX($C$141:$C$193),$C$141:$C$193,0))) | F28: =IF($U$2,"",E28/AVERAGE($L$61:$L$360)-1)
A29: =IF($U$2,"Chaleur","2016-2017") -> Chaleur | B29: =IF($U$2,IF(DAY(DATE(2019,1,3)+7*(INDEX($P$61:$P$112,MATCH(MAX($AC$61:$AC$112),$AC$61:$AC$112,0))-1))<=10,"Début ",IF(DAY(DATE(2019,1,3)+7*(INDEX($P$61:$P$112,MATCH(MAX($AC$61:$AC$112),$AC$61:$AC$112,0))-1))<=20,"Mi-","Fin "))&LOWER(INDEX(Calculs!$A$6:$A$17,MONTH(DATE(2019,1,3)+7*(INDEX($P$61:$P$112,MATCH(MAX($AC$61:$AC$112),$AC$61:$AC$112,0))-1)))),INDEX($A$194:$A$245,MATCH(MAX($C$194:$C$245),$C$194:$C$245,0))) -> Fin juillet | C29: =IF($U$2,"",INDEX($B$194:$B$245,MATCH(MAX($C$194:$C$245),$C$194:$C$245,0))) | D29: =IF($U$2,"",MAX($C$194:$C$245)) | E29: =IF($U$2,"",INDEX($L$194:$L$245,MATCH(MAX($C$194:$C$245),$C$194:$C$245,0))) | F29: =IF($U$2,"",E29/AVERAGE($L$61:$L$360)-1)
A30: =IF($U$2,"Pollens","2017-2018") -> Pollens | B30: =IF($U$2,IF(DAY(DATE(2019,1,3)+7*(INDEX($P$61:$P$112,MATCH(MAX($AD$61:$AD$112),$AD$61:$AD$112,0))-1))<=10,"Début ",IF(DAY(DATE(2019,1,3)+7*(INDEX($P$61:$P$112,MATCH(MAX($AD$61:$AD$112),$AD$61:$AD$112,0))-1))<=20,"Mi-","Fin "))&LOWER(INDEX(Calculs!$A$6:$A$17,MONTH(DATE(2019,1,3)+7*(INDEX($P$61:$P$112,MATCH(MAX($AD$61:$AD$112),$AD$61:$AD$112,0))-1)))),INDEX($A$246:$A$297,MATCH(MAX($C$246:$C$297),$C$246:$C$297,0))) -> Mi-juin | C30: =IF($U$2,"",INDEX($B$246:$B$297,MATCH(MAX($C$246:$C$297),$C$246:$C$297,0))) | D30: =IF($U$2,"",MAX($C$246:$C$297)) | E30: =IF($U$2,"",INDEX($L$246:$L$297,MATCH(MAX($C$246:$C$297),$C$246:$C$297,0))) | F30: =IF($U$2,"",E30/AVERAGE($L$61:$L$360)-1)
A31: =IF($U$2,"Ventes (tous médicaments)","2018-2019") -> Ventes (tous médicaments) | B31: =IF($U$2,IF(DAY(DATE(2019,1,3)+7*(INDEX($P$61:$P$112,MATCH(MAX($S$61:$S$112),$S$61:$S$112,0))-1))<=10,"Début ",IF(DAY(DATE(2019,1,3)+7*(INDEX($P$61:$P$112,MATCH(MAX($S$61:$S$112),$S$61:$S$112,0))-1))<=20,"Mi-","Fin "))&LOWER(INDEX(Calculs!$A$6:$A$17,MONTH(DATE(2019,1,3)+7*(INDEX($P$61:$P$112,MATCH(MAX($S$61:$S$112),$S$61:$S$112,0))-1)))),INDEX($A$298:$A$349,MATCH(MAX($C$298:$C$349),$C$298:$C$349,0))) -> Fin décembre | C31: =IF($U$2,"",INDEX($B$298:$B$349,MATCH(MAX($C$298:$C$349),$C$298:$C$349,0))) | D31: =IF($U$2,"",MAX($C$298:$C$349)) | E31: =IF($U$2,"",INDEX($L$298:$L$349,MATCH(MAX($C$298:$C$349),$C$298:$C$349,0))) | F31: =IF($U$2,"",E31/AVERAGE($L$61:$L$360)-1)
A32: =IF($U$2,"Pic moyen : moment de l'année où la moyenne 2014-2019 est la plus haute.","Hiver = semaine 30 d'une année à semaine 29 de la suivante. Vs semaine moyenne : ventes totales comparées à la moyenne des 300 semaines.") -> Pic moyen : moment de l'année où la moyenne 2014-2019 est la plus haute.
A34: =IF($U$2,"","Pic moyen "&INDEX({"de l'épidémie","de l'épidémie","de l'épidémie","de température","des pollens"},$U$3)) | B34: =IF($U$2,"","Semaine "&INDEX($P$61:$P$112,MATCH(MAX($R$61:$R$112),$R$61:$R$112,0)))
A35: =IF($U$2,"","Pic moyen des ventes") | B35: =IF($U$2,"","Semaine "&INDEX($P$61:$P$112,MATCH(MAX($S$61:$S$112),$S$61:$S$112,0)))
A59: Données hebdomadaires comparées
A60: Semaine | B60: Lundi | C60: =IF($U$2,"",INDEX({"Grippe (cas / 100 000 hab.)","Gastro-entérite (cas / 100 000 hab.)","Varicelle (cas / 100 000 hab.)","Température à Montpellier (°C)","Graminées à Montpellier (grains / m³)"},$U$3)) | D60: M01AB | E60: M01AE | F60: N02BA | G60: N02BE | H60: N05B | I60: N05C | J60: R03 | K60: R06 | L60: Total | N60: N° semaine | P60: N° semaine | Q60: Repère | R60: =IF($U$2,"",INDEX({"Grippe moyenne","Gastro moyenne","Varicelle moyenne","Température moyenne","Pollens moyens"},$U$3)) | S60: Ventes moyennes | U60: Grippe | V60: Gastro-entérite | W60: Varicelle | X60: Température | Y60: Pollens | Z60: Grippe | AA60: Gastro-entérite | AB60: Varicelle | AC60: Température | AD60: Pollens
A61: 2014-S02 | B61: 41645 | C61: =IF(OR($U$2,INDEX($U61:$Y61,$U$3)=""),"",INDEX($U61:$Y61,$U$3)) | D61: =SUMIFS(Historique!I$2:I$2107,Historique!$A$2:$A$2107,">="&$B61,Historique!$A$2:$A$2107,"<="&($B61+6),Historique!$H$2:$H$2107,"Oui") -> 33.66 | E61: =SUMIFS(Historique!J$2:J$2107,Historique!$A$2:$A$2107,">="&$B61,Historique!$A$2:$A$2107,"<="&($B61+6),Historique!$H$2:$H$2107,"Oui") -> 13.34 | F61: =SUMIFS(Historique!K$2:K$2107,Historique!$A$2:$A$2107,">="&$B61,Historique!$A$2:$A$2107,"<="&($B61+6),Historique!$H$2:$H$2107,"Oui") -> 40.4 | G61: =SUMIFS(Historique!L$2:L$2107,Historique!$A$2:$A$2107,">="&$B61,Historique!$A$2:$A$2107,"<="&($B61+6),Historique!$H$2:$H$2107,"Oui") -> 227.7 | H61: =SUMIFS(Historique!M$2:M$2107,Historique!$A$2:$A$2107,">="&$B61,Historique!$A$2:$A$2107,"<="&($B61+6),Historique!$H$2:$H$2107,"Oui") -> 94 | I61: =SUMIFS(Historique!N$2:N$2107,Historique!$A$2:$A$2107,">="&$B61,Historique!$A$2:$A$2107,"<="&($B61+6),Historique!$H$2:$H$2107,"Oui") -> 5 | J61: =SUMIFS(Historique!O$2:O$2107,Historique!$A$2:$A$2107,">="&$B61,Historique!$A$2:$A$2107,"<="&($B61+6),Historique!$H$2:$H$2107,"Oui") -> 24 | K61: =SUMIFS(Historique!P$2:P$2107,Historique!$A$2:$A$2107,">="&$B61,Historique!$A$2:$A$2107,"<="&($B61+6),Historique!$H$2:$H$2107,"Oui") -> 11.2 | L61: =SUM(D61:K61) -> 449.3 | N61: 2 | P61: 1 | Q61: Janv. | R61: =IF($U$2,NA(),AVERAGEIF($N$61:$N$360,P61,$C$61:$C$360)) -> #N/A | S61: =AVERAGEIF($N$61:$N$360,P61,$L$61:$L$360) -> 591.2616 | U61: 73 | V61: 245 | W61: 19 | X61: 10.531429 | Z61: =IFERROR(AVERAGEIF($N$61:$N$360,$P61,$U$61:$U$360),"") -> 200.2 | AA61: =IFERROR(AVERAGEIF($N$61:$N$360,$P61,$V$61:$V$360),"") -> 201.4 | AB61: =IFERROR(AVERAGEIF($N$61:$N$360,$P61,$W$61:$W$360),"") -> 20.4 | AC61: =IFERROR(AVERAGEIF($N$61:$N$360,$P61,$X$61:$X$360),"") -> 7.9012245 | AD61: =IFERROR(AVERAGEIF($N$61:$N$360,$P61,$Y$61:$Y$360),"") -> 0.325
A62: 2014-S03 | B62: 41652 | C62: =IF(OR($U$2,INDEX($U62:$Y62,$U$3)=""),"",INDEX($U62:$Y62,$U$3)) | D62: =SUMIFS(Historique!I$2:I$2107,Historique!$A$2:$A$2107,">="&$B62,Historique!$A$2:$A$2107,"<="&($B62+6),Historique!$H$2:$H$2107,"Oui") -> 30.67 | E62: =SUMIFS(Historique!J$2:J$2107,Historique!$A$2:$A$2107,">="&$B62,Historique!$A$2:$A$2107,"<="&($B62+6),Historique!$H$2:$H$2107,"Oui") -> 26.34 | F62: =SUMIFS(Historique!K$2:K$2107,Historique!$A$2:$A$2107,">="&$B62,Historique!$A$2:$A$2107,"<="&($B62+6),Historique!$H$2:$H$2107,"Oui") -> 45.9 | G62: =SUMIFS(Historique!L$2:L$2107,Historique!$A$2:$A$2107,">="&$B62,Historique!$A$2:$A$2107,"<="&($B62+6),Historique!$H$2:$H$2107,"Oui") -> 218.4 | H62: =SUMIFS(Historique!M$2:M$2107,Historique!$A$2:$A$2107,">="&$B62,Historique!$A$2:$A$2107,"<="&($B62+6),Historique!$H$2:$H$2107,"Oui") -> 80 | I62: =SUMIFS(Historique!N$2:N$2107,Historique!$A$2:$A$2107,">="&$B62,Historique!$A$2:$A$2107,"<="&($B62+6),Historique!$H$2:$H$2107,"Oui") -> 8 | J62: =SUMIFS(Historique!O$2:O$2107,Historique!$A$2:$A$2107,">="&$B62,Historique!$A$2:$A$2107,"<="&($B62+6),Historique!$H$2:$H$2107,"Oui") -> 29 | K62: =SUMIFS(Historique!P$2:P$2107,Historique!$A$2:$A$2107,">="&$B62,Historique!$A$2:$A$2107,"<="&($B62+6),Historique!$H$2:$H$2107,"Oui") -> 12 | L62: =SUM(D62:K62) -> 450.31 | N62: 3 | P62: 2 | R62: =IF($U$2,NA(),AVERAGEIF($N$61:$N$360,P62,$C$61:$C$360)) -> #N/A | S62: =AVERAGEIF($N$61:$N$360,P62,$L$61:$L$360) -> 575.02 | U62: 100 | V62: 243 | W62: 20 | X62: 8.6 | Z62: =IFERROR(AVERAGEIF($N$61:$N$360,$P62,$U$61:$U$360),"") -> 186.5 | AA62: =IFERROR(AVERAGEIF($N$61:$N$360,$P62,$V$61:$V$360),"") -> 213.5 | AB62: =IFERROR(AVERAGEIF($N$61:$N$360,$P62,$W$61:$W$360),"") -> 16.333333 | AC62: =IFERROR(AVERAGEIF($N$61:$N$360,$P62,$X$61:$X$360),"") -> 7.697415 | AD62: =IFERROR(AVERAGEIF($N$61:$N$360,$P62,$Y$61:$Y$360),"") -> 0
A63: 2014-S04 | B63: 41659 | C63: =IF(OR($U$2,INDEX($U63:$Y63,$U$3)=""),"",INDEX($U63:$Y63,$U$3)) | D63: =SUMIFS(Historique!I$2:I$2107,Historique!$A$2:$A$2107,">="&$B63,Historique!$A$2:$A$2107,"<="&($B63+6),Historique!$H$2:$H$2107,"Oui") -> 34 | E63: =SUMIFS(Historique!J$2:J$2107,Historique!$A$2:$A$2107,">="&$B63,Historique!$A$2:$A$2107,"<="&($B63+6),Historique!$H$2:$H$2107,"Oui") -> 32.37 | F63: =SUMIFS(Historique!K$2:K$2107,Historique!$A$2:$A$2107,">="&$B63,Historique!$A$2:$A$2107,"<="&($B63+6),Historique!$H$2:$H$2107,"Oui") -> 31.5 | G63: =SUMIFS(Historique!L$2:L$2107,Historique!$A$2:$A$2107,">="&$B63,Historique!$A$2:$A$2107,"<="&($B63+6),Historique!$H$2:$H$2107,"Oui") -> 179.6 | H63: =SUMIFS(Historique!M$2:M$2107,Historique!$A$2:$A$2107,">="&$B63,Historique!$A$2:$A$2107,"<="&($B63+6),Historique!$H$2:$H$2107,"Oui") -> 80 | I63: =SUMIFS(Historique!N$2:N$2107,Historique!$A$2:$A$2107,">="&$B63,Historique!$A$2:$A$2107,"<="&($B63+6),Historique!$H$2:$H$2107,"Oui") -> 8 | J63: =SUMIFS(Historique!O$2:O$2107,Historique!$A$2:$A$2107,">="&$B63,Historique!$A$2:$A$2107,"<="&($B63+6),Historique!$H$2:$H$2107,"Oui") -> 23 | K63: =SUMIFS(Historique!P$2:P$2107,Historique!$A$2:$A$2107,">="&$B63,Historique!$A$2:$A$2107,"<="&($B63+6),Historique!$H$2:$H$2107,"Oui") -> 10 | L63: =SUM(D63:K63) -> 398.47 | N63: 4 | P63: 3 | R63: =IF($U$2,NA(),AVERAGEIF($N$61:$N$360,P63,$C$61:$C$360)) -> #N/A | S63: =AVERAGEIF($N$61:$N$360,P63,$L$61:$L$360) -> 532.54433 | U63: 133 | V63: 236 | W63: 25 | X63: 8.1085714 | Y63: 0.68 | Z63: =IFERROR(AVERAGEIF($N$61:$N$360,$P63,$U$61:$U$360),"") -> 226.5 | AA63: =IFERROR(AVERAGEIF($N$61:$N$360,$P63,$V$61:$V$360),"") -> 207.16667 | AB63: =IFERROR(AVERAGEIF($N$61:$N$360,$P63,$W$61:$W$360),"") -> 16.166667 | AC63: =IFERROR(AVERAGEIF($N$61:$N$360,$P63,$X$61:$X$360),"") -> 7.2234694 | AD63: =IFERROR(AVERAGEIF($N$61:$N$360,$P63,$Y$61:$Y$360),"") -> 0.485
A64: 2014-S05 | B64: 41666 | C64: =IF(OR($U$2,INDEX($U64:$Y64,$U$3)=""),"",INDEX($U64:$Y64,$U$3)) | D64: =SUMIFS(Historique!I$2:I$2107,Historique!$A$2:$A$2107,">="&$B64,Historique!$A$2:$A$2107,"<="&($B64+6),Historique!$H$2:$H$2107,"Oui") -> 31.02 | E64: =SUMIFS(Historique!J$2:J$2107,Historique!$A$2:$A$2107,">="&$B64,Historique!$A$2:$A$2107,"<="&($B64+6),Historique!$H$2:$H$2107,"Oui") -> 23.35 | F64: =SUMIFS(Historique!K$2:K$2107,Historique!$A$2:$A$2107,">="&$B64,Historique!$A$2:$A$2107,"<="&($B64+6),Historique!$H$2:$H$2107,"Oui") -> 20.7 | G64: =SUMIFS(Historique!L$2:L$2107,Historique!$A$2:$A$2107,">="&$B64,Historique!$A$2:$A$2107,"<="&($B64+6),Historique!$H$2:$H$2107,"Oui") -> 159.88 | H64: =SUMIFS(Historique!M$2:M$2107,Historique!$A$2:$A$2107,">="&$B64,Historique!$A$2:$A$2107,"<="&($B64+6),Historique!$H$2:$H$2107,"Oui") -> 84 | I64: =SUMIFS(Historique!N$2:N$2107,Historique!$A$2:$A$2107,">="&$B64,Historique!$A$2:$A$2107,"<="&($B64+6),Historique!$H$2:$H$2107,"Oui") -> 12 | J64: =SUMIFS(Historique!O$2:O$2107,Historique!$A$2:$A$2107,">="&$B64,Historique!$A$2:$A$2107,"<="&($B64+6),Historique!$H$2:$H$2107,"Oui") -> 29 | K64: =SUMIFS(Historique!P$2:P$2107,Historique!$A$2:$A$2107,">="&$B64,Historique!$A$2:$A$2107,"<="&($B64+6),Historique!$H$2:$H$2107,"Oui") -> 12 | L64: =SUM(D64:K64) -> 371.95 | N64: 5 | P64: 4 | R64: =IF($U$2,NA(),AVERAGEIF($N$61:$N$360,P64,$C$61:$C$360)) -> #N/A | S64: =AVERAGEIF($N$61:$N$360,P64,$L$61:$L$360) -> 539.06617 | U64: 187 | V64: 226 | W64: 19 | X64: 6.76 | Y64: 0.68 | Z64: =IFERROR(AVERAGEIF($N$61:$N$360,$P64,$U$61:$U$360),"") -> 306.83333 | AA64: =IFERROR(AVERAGEIF($N$61:$N$360,$P64,$V$61:$V$360),"") -> 197.16667 | AB64: =IFERROR(AVERAGEIF($N$61:$N$360,$P64,$W$61:$W$360),"") -> 20.833333 | AC64: =IFERROR(AVERAGEIF($N$61:$N$360,$P64,$X$61:$X$360),"") -> 7.7740136 | AD64: =IFERROR(AVERAGEIF($N$61:$N$360,$P64,$Y$61:$Y$360),"") -> 0.39392857
A65: 2014-S06 | B65: 41673 | C65: =IF(OR($U$2,INDEX($U65:$Y65,$U$3)=""),"",INDEX($U65:$Y65,$U$3)) | D65: =SUMIFS(Historique!I$2:I$2107,Historique!$A$2:$A$2107,">="&$B65,Historique!$A$2:$A$2107,"<="&($B65+6),Historique!$H$2:$H$2107,"Oui") -> 22.65 | E65: =SUMIFS(Historique!J$2:J$2107,Historique!$A$2:$A$2107,">="&$B65,Historique!$A$2:$A$2107,"<="&($B65+6),Historique!$H$2:$H$2107,"Oui") -> 29.72 | F65: =SUMIFS(Historique!K$2:K$2107,Historique!$A$2:$A$2107,">="&$B65,Historique!$A$2:$A$2107,"<="&($B65+6),Historique!$H$2:$H$2107,"Oui") -> 53.3 | G65: =SUMIFS(Historique!L$2:L$2107,Historique!$A$2:$A$2107,">="&$B65,Historique!$A$2:$A$2107,"<="&($B65+6),Historique!$H$2:$H$2107,"Oui") -> 226.8 | H65: =SUMIFS(Historique!M$2:M$2107,Historique!$A$2:$A$2107,">="&$B65,Historique!$A$2:$A$2107,"<="&($B65+6),Historique!$H$2:$H$2107,"Oui") -> 98 | I65: =SUMIFS(Historique!N$2:N$2107,Historique!$A$2:$A$2107,">="&$B65,Historique!$A$2:$A$2107,"<="&($B65+6),Historique!$H$2:$H$2107,"Oui") -> 7 | J65: =SUMIFS(Historique!O$2:O$2107,Historique!$A$2:$A$2107,">="&$B65,Historique!$A$2:$A$2107,"<="&($B65+6),Historique!$H$2:$H$2107,"Oui") -> 31 | K65: =SUMIFS(Historique!P$2:P$2107,Historique!$A$2:$A$2107,">="&$B65,Historique!$A$2:$A$2107,"<="&($B65+6),Historique!$H$2:$H$2107,"Oui") -> 6 | L65: =SUM(D65:K65) -> 474.47 | N65: 6 | P65: 5 | Q65: Févr. | R65: =IF($U$2,NA(),AVERAGEIF($N$61:$N$360,P65,$C$61:$C$360)) -> #N/A | S65: =AVERAGEIF($N$61:$N$360,P65,$L$61:$L$360) -> 510.90508 | U65: 250 | V65: 199 | W65: 26 | X65: 8.0485714 | Y65: 0.68 | Z65: =IFERROR(AVERAGEIF($N$61:$N$360,$P65,$U$61:$U$360),"") -> 374.83333 | AA65: =IFERROR(AVERAGEIF($N$61:$N$360,$P65,$V$61:$V$360),"") -> 183 | AB65: =IFERROR(AVERAGEIF($N$61:$N$360,$P65,$W$61:$W$360),"") -> 20 | AC65: =IFERROR(AVERAGEIF($N$61:$N$360,$P65,$X$61:$X$360),"") -> 7.9347619 | AD65: =IFERROR(AVERAGEIF($N$61:$N$360,$P65,$Y$61:$Y$360),"") -> 0.4255
A66: 2014-S07 | B66: 41680 | C66: =IF(OR($U$2,INDEX($U66:$Y66,$U$3)=""),"",INDEX($U66:$Y66,$U$3)) | D66: =SUMIFS(Historique!I$2:I$2107,Historique!$A$2:$A$2107,">="&$B66,Historique!$A$2:$A$2107,"<="&($B66+6),Historique!$H$2:$H$2107,"Oui") -> 33.33 | E66: =SUMIFS(Historique!J$2:J$2107,Historique!$A$2:$A$2107,">="&$B66,Historique!$A$2:$A$2107,"<="&($B66+6),Historique!$H$2:$H$2107,"Oui") -> 30.69 | F66: =SUMIFS(Historique!K$2:K$2107,Historique!$A$2:$A$2107,">="&$B66,Historique!$A$2:$A$2107,"<="&($B66+6),Historique!$H$2:$H$2107,"Oui") -> 47.3 | G66: =SUMIFS(Historique!L$2:L$2107,Historique!$A$2:$A$2107,">="&$B66,Historique!$A$2:$A$2107,"<="&($B66+6),Historique!$H$2:$H$2107,"Oui") -> 320.7 | H66: =SUMIFS(Historique!M$2:M$2107,Historique!$A$2:$A$2107,">="&$B66,Historique!$A$2:$A$2107,"<="&($B66+6),Historique!$H$2:$H$2107,"Oui") -> 89 | I66: =SUMIFS(Historique!N$2:N$2107,Historique!$A$2:$A$2107,">="&$B66,Historique!$A$2:$A$2107,"<="&($B66+6),Historique!$H$2:$H$2107,"Oui") -> 14 | J66: =SUMIFS(Historique!O$2:O$2107,Historique!$A$2:$A$2107,">="&$B66,Historique!$A$2:$A$2107,"<="&($B66+6),Historique!$H$2:$H$2107,"Oui") -> 18 | K66: =SUMIFS(Historique!P$2:P$2107,Historique!$A$2:$A$2107,">="&$B66,Historique!$A$2:$A$2107,"<="&($B66+6),Historique!$H$2:$H$2107,"Oui") -> 16.2 | L66: =SUM(D66:K66) -> 569.22 | N66: 7 | P66: 6 | R66: =IF($U$2,NA(),AVERAGEIF($N$61:$N$360,P66,$C$61:$C$360)) -> #N/A | S66: =AVERAGEIF($N$61:$N$360,P66,$L$61:$L$360) -> 490.02142 | U66: 325 | V66: 182 | W66: 24 | X66: 10.311429 | Y66: 0.68 | Z66: =IFERROR(AVERAGEIF($N$61:$N$360,$P66,$U$61:$U$360),"") -> 388.66667 | AA66: =IFERROR(AVERAGEIF($N$61:$N$360,$P66,$V$61:$V$360),"") -> 160.33333 | AB66: =IFERROR(AVERAGEIF($N$61:$N$360,$P66,$W$61:$W$360),"") -> 24.5 | AC66: =IFERROR(AVERAGEIF($N$61:$N$360,$P66,$X$61:$X$360),"") -> 7.0691156 | AD66: =IFERROR(AVERAGEIF($N$61:$N$360,$P66,$Y$61:$Y$360),"") -> 0.46916667
A67: 2014-S08 | B67: 41687 | C67: =IF(OR($U$2,INDEX($U67:$Y67,$U$3)=""),"",INDEX($U67:$Y67,$U$3)) | D67: =SUMIFS(Historique!I$2:I$2107,Historique!$A$2:$A$2107,">="&$B67,Historique!$A$2:$A$2107,"<="&($B67+6),Historique!$H$2:$H$2107,"Oui") -> 39.01 | E67: =SUMIFS(Historique!J$2:J$2107,Historique!$A$2:$A$2107,">="&$B67,Historique!$A$2:$A$2107,"<="&($B67+6),Historique!$H$2:$H$2107,"Oui") -> 34.25 | F67: =SUMIFS(Historique!K$2:K$2107,Historique!$A$2:$A$2107,">="&$B67,Historique!$A$2:$A$2107,"<="&($B67+6),Historique!$H$2:$H$2107,"Oui") -> 44.2 | G67: =SUMIFS(Historique!L$2:L$2107,Historique!$A$2:$A$2107,">="&$B67,Historique!$A$2:$A$2107,"<="&($B67+6),Historique!$H$2:$H$2107,"Oui") -> 232.7 | H67: =SUMIFS(Historique!M$2:M$2107,Historique!$A$2:$A$2107,">="&$B67,Historique!$A$2:$A$2107,"<="&($B67+6),Historique!$H$2:$H$2107,"Oui") -> 99 | I67: =SUMIFS(Historique!N$2:N$2107,Historique!$A$2:$A$2107,">="&$B67,Historique!$A$2:$A$2107,"<="&($B67+6),Historique!$H$2:$H$2107,"Oui") -> 5 | J67: =SUMIFS(Historique!O$2:O$2107,Historique!$A$2:$A$2107,">="&$B67,Historique!$A$2:$A$2107,"<="&($B67+6),Historique!$H$2:$H$2107,"Oui") -> 35 | K67: =SUMIFS(Historique!P$2:P$2107,Historique!$A$2:$A$2107,">="&$B67,Historique!$A$2:$A$2107,"<="&($B67+6),Historique!$H$2:$H$2107,"Oui") -> 7 | L67: =SUM(D67:K67) -> 496.16 | N67: 8 | P67: 7 | R67: =IF($U$2,NA(),AVERAGEIF($N$61:$N$360,P67,$C$61:$C$360)) -> #N/A | S67: =AVERAGEIF($N$61:$N$360,P67,$L$61:$L$360) -> 477.515 | U67: 293 | V67: 157 | W67: 31 | X67: 9.7428571 | Y67: 0.68 | Z67: =IFERROR(AVERAGEIF($N$61:$N$360,$P67,$U$61:$U$360),"") -> 369.66667 | AA67: =IFERROR(AVERAGEIF($N$61:$N$360,$P67,$V$61:$V$360),"") -> 144.66667 | AB67: =IFERROR(AVERAGEIF($N$61:$N$360,$P67,$W$61:$W$360),"") -> 22 | AC67: =IFERROR(AVERAGEIF($N$61:$N$360,$P67,$X$61:$X$360),"") -> 8.6042177 | AD67: =IFERROR(AVERAGEIF($N$61:$N$360,$P67,$Y$61:$Y$360),"") -> 0.45
A68: 2014-S09 | B68: 41694 | C68: =IF(OR($U$2,INDEX($U68:$Y68,$U$3)=""),"",INDEX($U68:$Y68,$U$3)) | D68: =SUMIFS(Historique!I$2:I$2107,Historique!$A$2:$A$2107,">="&$B68,Historique!$A$2:$A$2107,"<="&($B68+6),Historique!$H$2:$H$2107,"Oui") -> 36.68 | E68: =SUMIFS(Historique!J$2:J$2107,Historique!$A$2:$A$2107,">="&$B68,Historique!$A$2:$A$2107,"<="&($B68+6),Historique!$H$2:$H$2107,"Oui") -> 28.75 | F68: =SUMIFS(Historique!K$2:K$2107,Historique!$A$2:$A$2107,">="&$B68,Historique!$A$2:$A$2107,"<="&($B68+6),Historique!$H$2:$H$2107,"Oui") -> 40.355 | G68: =SUMIFS(Historique!L$2:L$2107,Historique!$A$2:$A$2107,">="&$B68,Historique!$A$2:$A$2107,"<="&($B68+6),Historique!$H$2:$H$2107,"Oui") -> 222.5 | H68: =SUMIFS(Historique!M$2:M$2107,Historique!$A$2:$A$2107,">="&$B68,Historique!$A$2:$A$2107,"<="&($B68+6),Historique!$H$2:$H$2107,"Oui") -> 52 | I68: =SUMIFS(Historique!N$2:N$2107,Historique!$A$2:$A$2107,">="&$B68,Historique!$A$2:$A$2107,"<="&($B68+6),Historique!$H$2:$H$2107,"Oui") -> 2 | J68: =SUMIFS(Historique!O$2:O$2107,Historique!$A$2:$A$2107,">="&$B68,Historique!$A$2:$A$2107,"<="&($B68+6),Historique!$H$2:$H$2107,"Oui") -> 16 | K68: =SUMIFS(Historique!P$2:P$2107,Historique!$A$2:$A$2107,">="&$B68,Historique!$A$2:$A$2107,"<="&($B68+6),Historique!$H$2:$H$2107,"Oui") -> 10.1 | L68: =SUM(D68:K68) -> 408.385 | N68: 9 | P68: 8 | R68: =IF($U$2,NA(),AVERAGEIF($N$61:$N$360,P68,$C$61:$C$360)) -> #N/A | S68: =AVERAGEIF($N$61:$N$360,P68,$L$61:$L$360) -> 453.61983 | U68: 229 | V68: 139 | W68: 24 | X68: 9.14 | Y68: 0.68 | Z68: =IFERROR(AVERAGEIF($N$61:$N$360,$P68,$U$61:$U$360),"") -> 289.16667 | AA68: =IFERROR(AVERAGEIF($N$61:$N$360,$P68,$V$61:$V$360),"") -> 129.33333 | AB68: =IFERROR(AVERAGEIF($N$61:$N$360,$P68,$W$61:$W$360),"") -> 23.833333 | AC68: =IFERROR(AVERAGEIF($N$61:$N$360,$P68,$X$61:$X$360),"") -> 8.9270748 | AD68: =IFERROR(AVERAGEIF($N$61:$N$360,$P68,$Y$61:$Y$360),"") -> 0.524
A69: 2014-S10 | B69: 41701 | C69: =IF(OR($U$2,INDEX($U69:$Y69,$U$3)=""),"",INDEX($U69:$Y69,$U$3)) | D69: =SUMIFS(Historique!I$2:I$2107,Historique!$A$2:$A$2107,">="&$B69,Historique!$A$2:$A$2107,"<="&($B69+6),Historique!$H$2:$H$2107,"Oui") -> 25.02 | E69: =SUMIFS(Historique!J$2:J$2107,Historique!$A$2:$A$2107,">="&$B69,Historique!$A$2:$A$2107,"<="&($B69+6),Historique!$H$2:$H$2107,"Oui") -> 21.11 | F69: =SUMIFS(Historique!K$2:K$2107,Historique!$A$2:$A$2107,">="&$B69,Historique!$A$2:$A$2107,"<="&($B69+6),Historique!$H$2:$H$2107,"Oui") -> 31.8 | G69: =SUMIFS(Historique!L$2:L$2107,Historique!$A$2:$A$2107,">="&$B69,Historique!$A$2:$A$2107,"<="&($B69+6),Historique!$H$2:$H$2107,"Oui") -> 202.375 | H69: =SUMIFS(Historique!M$2:M$2107,Historique!$A$2:$A$2107,">="&$B69,Historique!$A$2:$A$2107,"<="&($B69+6),Historique!$H$2:$H$2107,"Oui") -> 48 | I69: =SUMIFS(Historique!N$2:N$2107,Historique!$A$2:$A$2107,">="&$B69,Historique!$A$2:$A$2107,"<="&($B69+6),Historique!$H$2:$H$2107,"Oui") -> 4 | J69: =SUMIFS(Historique!O$2:O$2107,Historique!$A$2:$A$2107,">="&$B69,Historique!$A$2:$A$2107,"<="&($B69+6),Historique!$H$2:$H$2107,"Oui") -> 16 | K69: =SUMIFS(Historique!P$2:P$2107,Historique!$A$2:$A$2107,">="&$B69,Historique!$A$2:$A$2107,"<="&($B69+6),Historique!$H$2:$H$2107,"Oui") -> 9.2 | L69: =SUM(D69:K69) -> 357.505 | N69: 10 | P69: 9 | Q69: Mars | R69: =IF($U$2,NA(),AVERAGEIF($N$61:$N$360,P69,$C$61:$C$360)) -> #N/A | S69: =AVERAGEIF($N$61:$N$360,P69,$L$61:$L$360) -> 447.24967 | U69: 134 | V69: 147 | W69: 26 | X69: 10.24 | Y69: 1.025 | Z69: =IFERROR(AVERAGEIF($N$61:$N$360,$P69,$U$61:$U$360),"") -> 211.83333 | AA69: =IFERROR(AVERAGEIF($N$61:$N$360,$P69,$V$61:$V$360),"") -> 128.16667 | AB69: =IFERROR(AVERAGEIF($N$61:$N$360,$P69,$W$61:$W$360),"") -> 21.166667 | AC69: =IFERROR(AVERAGEIF($N$61:$N$360,$P69,$X$61:$X$360),"") -> 9.0080952 | AD69: =IFERROR(AVERAGEIF($N$61:$N$360,$P69,$Y$61:$Y$360),"") -> 1.0155
A70: 2014-S11 | B70: 41708 | C70: =IF(OR($U$2,INDEX($U70:$Y70,$U$3)=""),"",INDEX($U70:$Y70,$U$3)) | D70: =SUMIFS(Historique!I$2:I$2107,Historique!$A$2:$A$2107,">="&$B70,Historique!$A$2:$A$2107,"<="&($B70+6),Historique!$H$2:$H$2107,"Oui") -> 32.35 | E70: =SUMIFS(Historique!J$2:J$2107,Historique!$A$2:$A$2107,">="&$B70,Historique!$A$2:$A$2107,"<="&($B70+6),Historique!$H$2:$H$2107,"Oui") -> 23.77 | F70: =SUMIFS(Historique!K$2:K$2107,Historique!$A$2:$A$2107,">="&$B70,Historique!$A$2:$A$2107,"<="&($B70+6),Historique!$H$2:$H$2107,"Oui") -> 36.2 | G70: =SUMIFS(Historique!L$2:L$2107,Historique!$A$2:$A$2107,">="&$B70,Historique!$A$2:$A$2107,"<="&($B70+6),Historique!$H$2:$H$2107,"Oui") -> 164.8 | H70: =SUMIFS(Historique!M$2:M$2107,Historique!$A$2:$A$2107,">="&$B70,Historique!$A$2:$A$2107,"<="&($B70+6),Historique!$H$2:$H$2107,"Oui") -> 90 | I70: =SUMIFS(Historique!N$2:N$2107,Historique!$A$2:$A$2107,">="&$B70,Historique!$A$2:$A$2107,"<="&($B70+6),Historique!$H$2:$H$2107,"Oui") -> 5 | J70: =SUMIFS(Historique!O$2:O$2107,Historique!$A$2:$A$2107,">="&$B70,Historique!$A$2:$A$2107,"<="&($B70+6),Historique!$H$2:$H$2107,"Oui") -> 36 | K70: =SUMIFS(Historique!P$2:P$2107,Historique!$A$2:$A$2107,">="&$B70,Historique!$A$2:$A$2107,"<="&($B70+6),Historique!$H$2:$H$2107,"Oui") -> 19 | L70: =SUM(D70:K70) -> 407.12 | N70: 11 | P70: 10 | R70: =IF($U$2,NA(),AVERAGEIF($N$61:$N$360,P70,$C$61:$C$360)) -> #N/A | S70: =AVERAGEIF($N$61:$N$360,P70,$L$61:$L$360) -> 420.55083 | U70: 69 | V70: 132 | W70: 23 | X70: 12.062857 | Y70: 1.715 | Z70: =IFERROR(AVERAGEIF($N$61:$N$360,$P70,$U$61:$U$360),"") -> 165.83333 | AA70: =IFERROR(AVERAGEIF($N$61:$N$360,$P70,$V$61:$V$360),"") -> 137.33333 | AB70: =IFERROR(AVERAGEIF($N$61:$N$360,$P70,$W$61:$W$360),"") -> 21.833333 | AC70: =IFERROR(AVERAGEIF($N$61:$N$360,$P70,$X$61:$X$360),"") -> 10.586259 | AD70: =IFERROR(AVERAGEIF($N$61:$N$360,$P70,$Y$61:$Y$360),"") -> 1.2235
A71: 2014-S12 | B71: 41715 | C71: =IF(OR($U$2,INDEX($U71:$Y71,$U$3)=""),"",INDEX($U71:$Y71,$U$3)) | D71: =SUMIFS(Historique!I$2:I$2107,Historique!$A$2:$A$2107,">="&$B71,Historique!$A$2:$A$2107,"<="&($B71+6),Historique!$H$2:$H$2107,"Oui") -> 39.36 | E71: =SUMIFS(Historique!J$2:J$2107,Historique!$A$2:$A$2107,">="&$B71,Historique!$A$2:$A$2107,"<="&($B71+6),Historique!$H$2:$H$2107,"Oui") -> 23.72 | F71: =SUMIFS(Historique!K$2:K$2107,Historique!$A$2:$A$2107,">="&$B71,Historique!$A$2:$A$2107,"<="&($B71+6),Historique!$H$2:$H$2107,"Oui") -> 26.1 | G71: =SUMIFS(Historique!L$2:L$2107,Historique!$A$2:$A$2107,">="&$B71,Historique!$A$2:$A$2107,"<="&($B71+6),Historique!$H$2:$H$2107,"Oui") -> 202.8 | H71: =SUMIFS(Historique!M$2:M$2107,Historique!$A$2:$A$2107,">="&$B71,Historique!$A$2:$A$2107,"<="&($B71+6),Historique!$H$2:$H$2107,"Oui") -> 36 | I71: =SUMIFS(Historique!N$2:N$2107,Historique!$A$2:$A$2107,">="&$B71,Historique!$A$2:$A$2107,"<="&($B71+6),Historique!$H$2:$H$2107,"Oui") -> 4 | J71: =SUMIFS(Historique!O$2:O$2107,Historique!$A$2:$A$2107,">="&$B71,Historique!$A$2:$A$2107,"<="&($B71+6),Historique!$H$2:$H$2107,"Oui") -> 27 | K71: =SUMIFS(Historique!P$2:P$2107,Historique!$A$2:$A$2107,">="&$B71,Historique!$A$2:$A$2107,"<="&($B71+6),Historique!$H$2:$H$2107,"Oui") -> 23.6 | L71: =SUM(D71:K71) -> 382.58 | N71: 12 | P71: 11 | R71: =IF($U$2,NA(),AVERAGEIF($N$61:$N$360,P71,$C$61:$C$360)) -> #N/A | S71: =AVERAGEIF($N$61:$N$360,P71,$L$61:$L$360) -> 445.98933 | U71: 37 | V71: 145 | W71: 22 | X71: 13.285714 | Y71: 0.68 | Z71: =IFERROR(AVERAGEIF($N$61:$N$360,$P71,$U$61:$U$360),"") -> 141.5 | AA71: =IFERROR(AVERAGEIF($N$61:$N$360,$P71,$V$61:$V$360),"") -> 138.5 | AB71: =IFERROR(AVERAGEIF($N$61:$N$360,$P71,$W$61:$W$360),"") -> 23.166667 | AC71: =IFERROR(AVERAGEIF($N$61:$N$360,$P71,$X$61:$X$360),"") -> 11.410204 | AD71: =IFERROR(AVERAGEIF($N$61:$N$360,$P71,$Y$61:$Y$360),"") -> 1.44975
A72: 2014-S13 | B72: 41722 | C72: =IF(OR($U$2,INDEX($U72:$Y72,$U$3)=""),"",INDEX($U72:$Y72,$U$3)) | D72: =SUMIFS(Historique!I$2:I$2107,Historique!$A$2:$A$2107,">="&$B72,Historique!$A$2:$A$2107,"<="&($B72+6),Historique!$H$2:$H$2107,"Oui") -> 25.69 | E72: =SUMIFS(Historique!J$2:J$2107,Historique!$A$2:$A$2107,">="&$B72,Historique!$A$2:$A$2107,"<="&($B72+6),Historique!$H$2:$H$2107,"Oui") -> 17.33 | F72: =SUMIFS(Historique!K$2:K$2107,Historique!$A$2:$A$2107,">="&$B72,Historique!$A$2:$A$2107,"<="&($B72+6),Historique!$H$2:$H$2107,"Oui") -> 36.2 | G72: =SUMIFS(Historique!L$2:L$2107,Historique!$A$2:$A$2107,">="&$B72,Historique!$A$2:$A$2107,"<="&($B72+6),Historique!$H$2:$H$2107,"Oui") -> 136.6 | H72: =SUMIFS(Historique!M$2:M$2107,Historique!$A$2:$A$2107,">="&$B72,Historique!$A$2:$A$2107,"<="&($B72+6),Historique!$H$2:$H$2107,"Oui") -> 42 | I72: =SUMIFS(Historique!N$2:N$2107,Historique!$A$2:$A$2107,">="&$B72,Historique!$A$2:$A$2107,"<="&($B72+6),Historique!$H$2:$H$2107,"Oui") -> 6 | J72: =SUMIFS(Historique!O$2:O$2107,Historique!$A$2:$A$2107,">="&$B72,Historique!$A$2:$A$2107,"<="&($B72+6),Historique!$H$2:$H$2107,"Oui") -> 29 | K72: =SUMIFS(Historique!P$2:P$2107,Historique!$A$2:$A$2107,">="&$B72,Historique!$A$2:$A$2107,"<="&($B72+6),Historique!$H$2:$H$2107,"Oui") -> 24.5 | L72: =SUM(D72:K72) -> 317.32 | N72: 13 | P72: 12 | R72: =IF($U$2,NA(),AVERAGEIF($N$61:$N$360,P72,$C$61:$C$360)) -> #N/A | S72: =AVERAGEIF($N$61:$N$360,P72,$L$61:$L$360) -> 434.48183 | U72: 34 | V72: 139 | W72: 28 | X72: 10.72 | Y72: 1.1975 | Z72: =IFERROR(AVERAGEIF($N$61:$N$360,$P72,$U$61:$U$360),"") -> 115 | AA72: =IFERROR(AVERAGEIF($N$61:$N$360,$P72,$V$61:$V$360),"") -> 138.16667 | AB72: =IFERROR(AVERAGEIF($N$61:$N$360,$P72,$W$61:$W$360),"") -> 24.833333 | AC72: =IFERROR(AVERAGEIF($N$61:$N$360,$P72,$X$61:$X$360),"") -> 11.575782 | AD72: =IFERROR(AVERAGEIF($N$61:$N$360,$P72,$Y$61:$Y$360),"") -> 0.90375
A73: 2014-S14 | B73: 41729 | C73: =IF(OR($U$2,INDEX($U73:$Y73,$U$3)=""),"",INDEX($U73:$Y73,$U$3)) | D73: =SUMIFS(Historique!I$2:I$2107,Historique!$A$2:$A$2107,">="&$B73,Historique!$A$2:$A$2107,"<="&($B73+6),Historique!$H$2:$H$2107,"Oui") -> 19.68 | E73: =SUMIFS(Historique!J$2:J$2107,Historique!$A$2:$A$2107,">="&$B73,Historique!$A$2:$A$2107,"<="&($B73+6),Historique!$H$2:$H$2107,"Oui") -> 22.05 | F73: =SUMIFS(Historique!K$2:K$2107,Historique!$A$2:$A$2107,">="&$B73,Historique!$A$2:$A$2107,"<="&($B73+6),Historique!$H$2:$H$2107,"Oui") -> 36.4 | G73: =SUMIFS(Historique!L$2:L$2107,Historique!$A$2:$A$2107,">="&$B73,Historique!$A$2:$A$2107,"<="&($B73+6),Historique!$H$2:$H$2107,"Oui") -> 153.7 | H73: =SUMIFS(Historique!M$2:M$2107,Historique!$A$2:$A$2107,">="&$B73,Historique!$A$2:$A$2107,"<="&($B73+6),Historique!$H$2:$H$2107,"Oui") -> 31 | I73: =SUMIFS(Historique!N$2:N$2107,Historique!$A$2:$A$2107,">="&$B73,Historique!$A$2:$A$2107,"<="&($B73+6),Historique!$H$2:$H$2107,"Oui") -> 7 | J73: =SUMIFS(Historique!O$2:O$2107,Historique!$A$2:$A$2107,">="&$B73,Historique!$A$2:$A$2107,"<="&($B73+6),Historique!$H$2:$H$2107,"Oui") -> 27 | K73: =SUMIFS(Historique!P$2:P$2107,Historique!$A$2:$A$2107,">="&$B73,Historique!$A$2:$A$2107,"<="&($B73+6),Historique!$H$2:$H$2107,"Oui") -> 20 | L73: =SUM(D73:K73) -> 316.83 | N73: 14 | P73: 13 | R73: =IF($U$2,NA(),AVERAGEIF($N$61:$N$360,P73,$C$61:$C$360)) -> #N/A | S73: =AVERAGEIF($N$61:$N$360,P73,$L$61:$L$360) -> 427.34583 | U73: 30 | V73: 145 | W73: 27 | X73: 14.947143 | Z73: =IFERROR(AVERAGEIF($N$61:$N$360,$P73,$U$61:$U$360),"") -> 76.666667 | AA73: =IFERROR(AVERAGEIF($N$61:$N$360,$P73,$V$61:$V$360),"") -> 137.83333 | AB73: =IFERROR(AVERAGEIF($N$61:$N$360,$P73,$W$61:$W$360),"") -> 27.5 | AC73: =IFERROR(AVERAGEIF($N$61:$N$360,$P73,$X$61:$X$360),"") -> 11.759796 | AD73: =IFERROR(AVERAGEIF($N$61:$N$360,$P73,$Y$61:$Y$360),"") -> 1.45725
A74: 2014-S15 | B74: 41736 | C74: =IF(OR($U$2,INDEX($U74:$Y74,$U$3)=""),"",INDEX($U74:$Y74,$U$3)) | D74: =SUMIFS(Historique!I$2:I$2107,Historique!$A$2:$A$2107,">="&$B74,Historique!$A$2:$A$2107,"<="&($B74+6),Historique!$H$2:$H$2107,"Oui") -> 36.03 | E74: =SUMIFS(Historique!J$2:J$2107,Historique!$A$2:$A$2107,">="&$B74,Historique!$A$2:$A$2107,"<="&($B74+6),Historique!$H$2:$H$2107,"Oui") -> 20.38 | F74: =SUMIFS(Historique!K$2:K$2107,Historique!$A$2:$A$2107,">="&$B74,Historique!$A$2:$A$2107,"<="&($B74+6),Historique!$H$2:$H$2107,"Oui") -> 21.2 | G74: =SUMIFS(Historique!L$2:L$2107,Historique!$A$2:$A$2107,">="&$B74,Historique!$A$2:$A$2107,"<="&($B74+6),Historique!$H$2:$H$2107,"Oui") -> 141 | H74: =SUMIFS(Historique!M$2:M$2107,Historique!$A$2:$A$2107,">="&$B74,Historique!$A$2:$A$2107,"<="&($B74+6),Historique!$H$2:$H$2107,"Oui") -> 46 | I74: =SUMIFS(Historique!N$2:N$2107,Historique!$A$2:$A$2107,">="&$B74,Historique!$A$2:$A$2107,"<="&($B74+6),Historique!$H$2:$H$2107,"Oui") -> 4 | J74: =SUMIFS(Historique!O$2:O$2107,Historique!$A$2:$A$2107,">="&$B74,Historique!$A$2:$A$2107,"<="&($B74+6),Historique!$H$2:$H$2107,"Oui") -> 22 | K74: =SUMIFS(Historique!P$2:P$2107,Historique!$A$2:$A$2107,">="&$B74,Historique!$A$2:$A$2107,"<="&($B74+6),Historique!$H$2:$H$2107,"Oui") -> 20.3 | L74: =SUM(D74:K74) -> 310.91 | N74: 15 | P74: 14 | Q74: Avri. | R74: =IF($U$2,NA(),AVERAGEIF($N$61:$N$360,P74,$C$61:$C$360)) -> #N/A | S74: =AVERAGEIF($N$61:$N$360,P74,$L$61:$L$360) -> 406.51067 | U74: 17 | V74: 105 | W74: 32 | X74: 16.011429 | Z74: =IFERROR(AVERAGEIF($N$61:$N$360,$P74,$U$61:$U$360),"") -> 46 | AA74: =IFERROR(AVERAGEIF($N$61:$N$360,$P74,$V$61:$V$360),"") -> 127.5 | AB74: =IFERROR(AVERAGEIF($N$61:$N$360,$P74,$W$61:$W$360),"") -> 30.5 | AC74: =IFERROR(AVERAGEIF($N$61:$N$360,$P74,$X$61:$X$360),"") -> 13.273571 | AD74: =IFERROR(AVERAGEIF($N$61:$N$360,$P74,$Y$61:$Y$360),"") -> 1.991
A75: 2014-S16 | B75: 41743 | C75: =IF(OR($U$2,INDEX($U75:$Y75,$U$3)=""),"",INDEX($U75:$Y75,$U$3)) | D75: =SUMIFS(Historique!I$2:I$2107,Historique!$A$2:$A$2107,">="&$B75,Historique!$A$2:$A$2107,"<="&($B75+6),Historique!$H$2:$H$2107,"Oui") -> 33.7 | E75: =SUMIFS(Historique!J$2:J$2107,Historique!$A$2:$A$2107,">="&$B75,Historique!$A$2:$A$2107,"<="&($B75+6),Historique!$H$2:$H$2107,"Oui") -> 21.38 | F75: =SUMIFS(Historique!K$2:K$2107,Historique!$A$2:$A$2107,">="&$B75,Historique!$A$2:$A$2107,"<="&($B75+6),Historique!$H$2:$H$2107,"Oui") -> 37.15 | G75: =SUMIFS(Historique!L$2:L$2107,Historique!$A$2:$A$2107,">="&$B75,Historique!$A$2:$A$2107,"<="&($B75+6),Historique!$H$2:$H$2107,"Oui") -> 154.2 | H75: =SUMIFS(Historique!M$2:M$2107,Historique!$A$2:$A$2107,">="&$B75,Historique!$A$2:$A$2107,"<="&($B75+6),Historique!$H$2:$H$2107,"Oui") -> 66 | I75: =SUMIFS(Historique!N$2:N$2107,Historique!$A$2:$A$2107,">="&$B75,Historique!$A$2:$A$2107,"<="&($B75+6),Historique!$H$2:$H$2107,"Oui") -> 1 | J75: =SUMIFS(Historique!O$2:O$2107,Historique!$A$2:$A$2107,">="&$B75,Historique!$A$2:$A$2107,"<="&($B75+6),Historique!$H$2:$H$2107,"Oui") -> 24 | K75: =SUMIFS(Historique!P$2:P$2107,Historique!$A$2:$A$2107,">="&$B75,Historique!$A$2:$A$2107,"<="&($B75+6),Historique!$H$2:$H$2107,"Oui") -> 24 | L75: =SUM(D75:K75) -> 361.43 | N75: 16 | P75: 15 | R75: =IF($U$2,NA(),AVERAGEIF($N$61:$N$360,P75,$C$61:$C$360)) -> #N/A | S75: =AVERAGEIF($N$61:$N$360,P75,$L$61:$L$360) -> 416.03722 | U75: 11 | V75: 98 | W75: 26 | X75: 13.985714 | Z75: =IFERROR(AVERAGEIF($N$61:$N$360,$P75,$U$61:$U$360),"") -> 26 | AA75: =IFERROR(AVERAGEIF($N$61:$N$360,$P75,$V$61:$V$360),"") -> 107.83333 | AB75: =IFERROR(AVERAGEIF($N$61:$N$360,$P75,$W$61:$W$360),"") -> 32.666667 | AC75: =IFERROR(AVERAGEIF($N$61:$N$360,$P75,$X$61:$X$360),"") -> 13.654626 | AD75: =IFERROR(AVERAGEIF($N$61:$N$360,$P75,$Y$61:$Y$360),"") -> 1.7069524
A76: 2014-S17 | B76: 41750 | C76: =IF(OR($U$2,INDEX($U76:$Y76,$U$3)=""),"",INDEX($U76:$Y76,$U$3)) | D76: =SUMIFS(Historique!I$2:I$2107,Historique!$A$2:$A$2107,">="&$B76,Historique!$A$2:$A$2107,"<="&($B76+6),Historique!$H$2:$H$2107,"Oui") -> 26.36 | E76: =SUMIFS(Historique!J$2:J$2107,Historique!$A$2:$A$2107,">="&$B76,Historique!$A$2:$A$2107,"<="&($B76+6),Historique!$H$2:$H$2107,"Oui") -> 20.215 | F76: =SUMIFS(Historique!K$2:K$2107,Historique!$A$2:$A$2107,">="&$B76,Historique!$A$2:$A$2107,"<="&($B76+6),Historique!$H$2:$H$2107,"Oui") -> 22 | G76: =SUMIFS(Historique!L$2:L$2107,Historique!$A$2:$A$2107,">="&$B76,Historique!$A$2:$A$2107,"<="&($B76+6),Historique!$H$2:$H$2107,"Oui") -> 182.5 | H76: =SUMIFS(Historique!M$2:M$2107,Historique!$A$2:$A$2107,">="&$B76,Historique!$A$2:$A$2107,"<="&($B76+6),Historique!$H$2:$H$2107,"Oui") -> 54 | I76: =SUMIFS(Historique!N$2:N$2107,Historique!$A$2:$A$2107,">="&$B76,Historique!$A$2:$A$2107,"<="&($B76+6),Historique!$H$2:$H$2107,"Oui") -> 4 | J76: =SUMIFS(Historique!O$2:O$2107,Historique!$A$2:$A$2107,">="&$B76,Historique!$A$2:$A$2107,"<="&($B76+6),Historique!$H$2:$H$2107,"Oui") -> 16 | K76: =SUMIFS(Historique!P$2:P$2107,Historique!$A$2:$A$2107,">="&$B76,Historique!$A$2:$A$2107,"<="&($B76+6),Historique!$H$2:$H$2107,"Oui") -> 13 | L76: =SUM(D76:K76) -> 338.075 | N76: 17 | P76: 16 | R76: =IF($U$2,NA(),AVERAGEIF($N$61:$N$360,P76,$C$61:$C$360)) -> #N/A | S76: =AVERAGEIF($N$61:$N$360,P76,$L$61:$L$360) -> 374.43867 | U76: 5 | V76: 81 | W76: 35 | X76: 14.942857 | Z76: =IFERROR(AVERAGEIF($N$61:$N$360,$P76,$U$61:$U$360),"") -> 14 | AA76: =IFERROR(AVERAGEIF($N$61:$N$360,$P76,$V$61:$V$360),"") -> 98.166667 | AB76: =IFERROR(AVERAGEIF($N$61:$N$360,$P76,$W$61:$W$360),"") -> 29.166667 | AC76: =IFERROR(AVERAGEIF($N$61:$N$360,$P76,$X$61:$X$360),"") -> 14.338435 | AD76: =IFERROR(AVERAGEIF($N$61:$N$360,$P76,$Y$61:$Y$360),"") -> 4.9633333
A77: 2014-S18 | B77: 41757 | C77: =IF(OR($U$2,INDEX($U77:$Y77,$U$3)=""),"",INDEX($U77:$Y77,$U$3)) | D77: =SUMIFS(Historique!I$2:I$2107,Historique!$A$2:$A$2107,">="&$B77,Historique!$A$2:$A$2107,"<="&($B77+6),Historique!$H$2:$H$2107,"Oui") -> 23.69 | E77: =SUMIFS(Historique!J$2:J$2107,Historique!$A$2:$A$2107,">="&$B77,Historique!$A$2:$A$2107,"<="&($B77+6),Historique!$H$2:$H$2107,"Oui") -> 33.16 | F77: =SUMIFS(Historique!K$2:K$2107,Historique!$A$2:$A$2107,">="&$B77,Historique!$A$2:$A$2107,"<="&($B77+6),Historique!$H$2:$H$2107,"Oui") -> 26.9 | G77: =SUMIFS(Historique!L$2:L$2107,Historique!$A$2:$A$2107,">="&$B77,Historique!$A$2:$A$2107,"<="&($B77+6),Historique!$H$2:$H$2107,"Oui") -> 188.6 | H77: =SUMIFS(Historique!M$2:M$2107,Historique!$A$2:$A$2107,">="&$B77,Historique!$A$2:$A$2107,"<="&($B77+6),Historique!$H$2:$H$2107,"Oui") -> 52 | I77: =SUMIFS(Historique!N$2:N$2107,Historique!$A$2:$A$2107,">="&$B77,Historique!$A$2:$A$2107,"<="&($B77+6),Historique!$H$2:$H$2107,"Oui") -> 6 | J77: =SUMIFS(Historique!O$2:O$2107,Historique!$A$2:$A$2107,">="&$B77,Historique!$A$2:$A$2107,"<="&($B77+6),Historique!$H$2:$H$2107,"Oui") -> 25 | K77: =SUMIFS(Historique!P$2:P$2107,Historique!$A$2:$A$2107,">="&$B77,Historique!$A$2:$A$2107,"<="&($B77+6),Historique!$H$2:$H$2107,"Oui") -> 17.9 | L77: =SUM(D77:K77) -> 373.25 | N77: 18 | P77: 17 | R77: =IF($U$2,NA(),AVERAGEIF($N$61:$N$360,P77,$C$61:$C$360)) -> #N/A | S77: =AVERAGEIF($N$61:$N$360,P77,$L$61:$L$360) -> 423.41561 | U77: 7 | V77: 78 | W77: 35 | X77: 16.411429 | Z77: =IFERROR(AVERAGEIF($N$61:$N$360,$P77,$U$61:$U$360),"") -> 8 | AA77: =IFERROR(AVERAGEIF($N$61:$N$360,$P77,$V$61:$V$360),"") -> 87.166667 | AB77: =IFERROR(AVERAGEIF($N$61:$N$360,$P77,$W$61:$W$360),"") -> 29.333333 | AC77: =IFERROR(AVERAGEIF($N$61:$N$360,$P77,$X$61:$X$360),"") -> 14.297075 | AD77: =IFERROR(AVERAGEIF($N$61:$N$360,$P77,$Y$61:$Y$360),"") -> 5.9899048
A78: 2014-S19 | B78: 41764 | C78: =IF(OR($U$2,INDEX($U78:$Y78,$U$3)=""),"",INDEX($U78:$Y78,$U$3)) | D78: =SUMIFS(Historique!I$2:I$2107,Historique!$A$2:$A$2107,">="&$B78,Historique!$A$2:$A$2107,"<="&($B78+6),Historique!$H$2:$H$2107,"Oui") -> 24.67 | E78: =SUMIFS(Historique!J$2:J$2107,Historique!$A$2:$A$2107,">="&$B78,Historique!$A$2:$A$2107,"<="&($B78+6),Historique!$H$2:$H$2107,"Oui") -> 32.485 | F78: =SUMIFS(Historique!K$2:K$2107,Historique!$A$2:$A$2107,">="&$B78,Historique!$A$2:$A$2107,"<="&($B78+6),Historique!$H$2:$H$2107,"Oui") -> 29.6 | G78: =SUMIFS(Historique!L$2:L$2107,Historique!$A$2:$A$2107,">="&$B78,Historique!$A$2:$A$2107,"<="&($B78+6),Historique!$H$2:$H$2107,"Oui") -> 151.6 | H78: =SUMIFS(Historique!M$2:M$2107,Historique!$A$2:$A$2107,">="&$B78,Historique!$A$2:$A$2107,"<="&($B78+6),Historique!$H$2:$H$2107,"Oui") -> 69 | I78: =SUMIFS(Historique!N$2:N$2107,Historique!$A$2:$A$2107,">="&$B78,Historique!$A$2:$A$2107,"<="&($B78+6),Historique!$H$2:$H$2107,"Oui") -> 11 | J78: =SUMIFS(Historique!O$2:O$2107,Historique!$A$2:$A$2107,">="&$B78,Historique!$A$2:$A$2107,"<="&($B78+6),Historique!$H$2:$H$2107,"Oui") -> 15 | K78: =SUMIFS(Historique!P$2:P$2107,Historique!$A$2:$A$2107,">="&$B78,Historique!$A$2:$A$2107,"<="&($B78+6),Historique!$H$2:$H$2107,"Oui") -> 36 | L78: =SUM(D78:K78) -> 369.355 | N78: 19 | P78: 18 | Q78: Mai | R78: =IF($U$2,NA(),AVERAGEIF($N$61:$N$360,P78,$C$61:$C$360)) -> #N/A | S78: =AVERAGEIF($N$61:$N$360,P78,$L$61:$L$360) -> 371.63567 | U78: 6 | V78: 69 | W78: 29 | X78: 17.668571 | Y78: 37.748571 | Z78: =IFERROR(AVERAGEIF($N$61:$N$360,$P78,$U$61:$U$360),"") -> 6 | AA78: =IFERROR(AVERAGEIF($N$61:$N$360,$P78,$V$61:$V$360),"") -> 86.5 | AB78: =IFERROR(AVERAGEIF($N$61:$N$360,$P78,$W$61:$W$360),"") -> 26.833333 | AC78: =IFERROR(AVERAGEIF($N$61:$N$360,$P78,$X$61:$X$360),"") -> 15.077211 | AD78: =IFERROR(AVERAGEIF($N$61:$N$360,$P78,$Y$61:$Y$360),"") -> 10.255982
A79: 2014-S20 | B79: 41771 | C79: =IF(OR($U$2,INDEX($U79:$Y79,$U$3)=""),"",INDEX($U79:$Y79,$U$3)) | D79: =SUMIFS(Historique!I$2:I$2107,Historique!$A$2:$A$2107,">="&$B79,Historique!$A$2:$A$2107,"<="&($B79+6),Historique!$H$2:$H$2107,"Oui") -> 22.38 | E79: =SUMIFS(Historique!J$2:J$2107,Historique!$A$2:$A$2107,">="&$B79,Historique!$A$2:$A$2107,"<="&($B79+6),Historique!$H$2:$H$2107,"Oui") -> 26.4 | F79: =SUMIFS(Historique!K$2:K$2107,Historique!$A$2:$A$2107,">="&$B79,Historique!$A$2:$A$2107,"<="&($B79+6),Historique!$H$2:$H$2107,"Oui") -> 35.2 | G79: =SUMIFS(Historique!L$2:L$2107,Historique!$A$2:$A$2107,">="&$B79,Historique!$A$2:$A$2107,"<="&($B79+6),Historique!$H$2:$H$2107,"Oui") -> 154 | H79: =SUMIFS(Historique!M$2:M$2107,Historique!$A$2:$A$2107,">="&$B79,Historique!$A$2:$A$2107,"<="&($B79+6),Historique!$H$2:$H$2107,"Oui") -> 56 | I79: =SUMIFS(Historique!N$2:N$2107,Historique!$A$2:$A$2107,">="&$B79,Historique!$A$2:$A$2107,"<="&($B79+6),Historique!$H$2:$H$2107,"Oui") -> 2 | J79: =SUMIFS(Historique!O$2:O$2107,Historique!$A$2:$A$2107,">="&$B79,Historique!$A$2:$A$2107,"<="&($B79+6),Historique!$H$2:$H$2107,"Oui") -> 42 | K79: =SUMIFS(Historique!P$2:P$2107,Historique!$A$2:$A$2107,">="&$B79,Historique!$A$2:$A$2107,"<="&($B79+6),Historique!$H$2:$H$2107,"Oui") -> 18.5 | L79: =SUM(D79:K79) -> 356.48 | N79: 20 | P79: 19 | R79: =IF($U$2,NA(),AVERAGEIF($N$61:$N$360,P79,$C$61:$C$360)) -> #N/A | S79: =AVERAGEIF($N$61:$N$360,P79,$L$61:$L$360) -> 394.751 | U79: 9 | V79: 78 | W79: 28 | X79: 16.36 | Y79: 5.865 | Z79: =IFERROR(AVERAGEIF($N$61:$N$360,$P79,$U$61:$U$360),"") -> 5.8333333 | AA79: =IFERROR(AVERAGEIF($N$61:$N$360,$P79,$V$61:$V$360),"") -> 84.166667 | AB79: =IFERROR(AVERAGEIF($N$61:$N$360,$P79,$W$61:$W$360),"") -> 28 | AC79: =IFERROR(AVERAGEIF($N$61:$N$360,$P79,$X$61:$X$360),"") -> 16.710952 | AD79: =IFERROR(AVERAGEIF($N$61:$N$360,$P79,$Y$61:$Y$360),"") -> 18.144952
A80: 2014-S21 | B80: 41778 | C80: =IF(OR($U$2,INDEX($U80:$Y80,$U$3)=""),"",INDEX($U80:$Y80,$U$3)) | D80: =SUMIFS(Historique!I$2:I$2107,Historique!$A$2:$A$2107,">="&$B80,Historique!$A$2:$A$2107,"<="&($B80+6),Historique!$H$2:$H$2107,"Oui") -> 25.02 | E80: =SUMIFS(Historique!J$2:J$2107,Historique!$A$2:$A$2107,">="&$B80,Historique!$A$2:$A$2107,"<="&($B80+6),Historique!$H$2:$H$2107,"Oui") -> 22.278 | F80: =SUMIFS(Historique!K$2:K$2107,Historique!$A$2:$A$2107,">="&$B80,Historique!$A$2:$A$2107,"<="&($B80+6),Historique!$H$2:$H$2107,"Oui") -> 33.7 | G80: =SUMIFS(Historique!L$2:L$2107,Historique!$A$2:$A$2107,">="&$B80,Historique!$A$2:$A$2107,"<="&($B80+6),Historique!$H$2:$H$2107,"Oui") -> 115.7 | H80: =SUMIFS(Historique!M$2:M$2107,Historique!$A$2:$A$2107,">="&$B80,Historique!$A$2:$A$2107,"<="&($B80+6),Historique!$H$2:$H$2107,"Oui") -> 56 | I80: =SUMIFS(Historique!N$2:N$2107,Historique!$A$2:$A$2107,">="&$B80,Historique!$A$2:$A$2107,"<="&($B80+6),Historique!$H$2:$H$2107,"Oui") -> 5 | J80: =SUMIFS(Historique!O$2:O$2107,Historique!$A$2:$A$2107,">="&$B80,Historique!$A$2:$A$2107,"<="&($B80+6),Historique!$H$2:$H$2107,"Oui") -> 20 | K80: =SUMIFS(Historique!P$2:P$2107,Historique!$A$2:$A$2107,">="&$B80,Historique!$A$2:$A$2107,"<="&($B80+6),Historique!$H$2:$H$2107,"Oui") -> 36.6 | L80: =SUM(D80:K80) -> 314.298 | N80: 21 | P80: 20 | R80: =IF($U$2,NA(),AVERAGEIF($N$61:$N$360,P80,$C$61:$C$360)) -> #N/A | S80: =AVERAGEIF($N$61:$N$360,P80,$L$61:$L$360) -> 386.82911 | U80: 7 | V80: 89 | W80: 28 | X80: 15.908571 | Y80: 6.9 | Z80: =IFERROR(AVERAGEIF($N$61:$N$360,$P80,$U$61:$U$360),"") -> 5.6666667 | AA80: =IFERROR(AVERAGEIF($N$61:$N$360,$P80,$V$61:$V$360),"") -> 81.166667 | AB80: =IFERROR(AVERAGEIF($N$61:$N$360,$P80,$W$61:$W$360),"") -> 26.333333 | AC80: =IFERROR(AVERAGEIF($N$61:$N$360,$P80,$X$61:$X$360),"") -> 16.77415 | AD80: =IFERROR(AVERAGEIF($N$61:$N$360,$P80,$Y$61:$Y$360),"") -> 25.560198
A81: 2014-S22 | B81: 41785 | C81: =IF(OR($U$2,INDEX($U81:$Y81,$U$3)=""),"",INDEX($U81:$Y81,$U$3)) | D81: =SUMIFS(Historique!I$2:I$2107,Historique!$A$2:$A$2107,">="&$B81,Historique!$A$2:$A$2107,"<="&($B81+6),Historique!$H$2:$H$2107,"Oui") -> 17.71 | E81: =SUMIFS(Historique!J$2:J$2107,Historique!$A$2:$A$2107,">="&$B81,Historique!$A$2:$A$2107,"<="&($B81+6),Historique!$H$2:$H$2107,"Oui") -> 22.08 | F81: =SUMIFS(Historique!K$2:K$2107,Historique!$A$2:$A$2107,">="&$B81,Historique!$A$2:$A$2107,"<="&($B81+6),Historique!$H$2:$H$2107,"Oui") -> 25.1 | G81: =SUMIFS(Historique!L$2:L$2107,Historique!$A$2:$A$2107,">="&$B81,Historique!$A$2:$A$2107,"<="&($B81+6),Historique!$H$2:$H$2107,"Oui") -> 143.38 | H81: =SUMIFS(Historique!M$2:M$2107,Historique!$A$2:$A$2107,">="&$B81,Historique!$A$2:$A$2107,"<="&($B81+6),Historique!$H$2:$H$2107,"Oui") -> 69 | I81: =SUMIFS(Historique!N$2:N$2107,Historique!$A$2:$A$2107,">="&$B81,Historique!$A$2:$A$2107,"<="&($B81+6),Historique!$H$2:$H$2107,"Oui") -> 3 | J81: =SUMIFS(Historique!O$2:O$2107,Historique!$A$2:$A$2107,">="&$B81,Historique!$A$2:$A$2107,"<="&($B81+6),Historique!$H$2:$H$2107,"Oui") -> 19 | K81: =SUMIFS(Historique!P$2:P$2107,Historique!$A$2:$A$2107,">="&$B81,Historique!$A$2:$A$2107,"<="&($B81+6),Historique!$H$2:$H$2107,"Oui") -> 28.1 | L81: =SUM(D81:K81) -> 327.37 | N81: 22 | P81: 21 | R81: =IF($U$2,NA(),AVERAGEIF($N$61:$N$360,P81,$C$61:$C$360)) -> #N/A | S81: =AVERAGEIF($N$61:$N$360,P81,$L$61:$L$360) -> 368.24383 | U81: 11 | V81: 79 | W81: 31 | X81: 17.94 | Y81: 48.3 | Z81: =IFERROR(AVERAGEIF($N$61:$N$360,$P81,$U$61:$U$360),"") -> 5.6666667 | AA81: =IFERROR(AVERAGEIF($N$61:$N$360,$P81,$V$61:$V$360),"") -> 82.166667 | AB81: =IFERROR(AVERAGEIF($N$61:$N$360,$P81,$W$61:$W$360),"") -> 28.166667 | AC81: =IFERROR(AVERAGEIF($N$61:$N$360,$P81,$X$61:$X$360),"") -> 18.09932 | AD81: =IFERROR(AVERAGEIF($N$61:$N$360,$P81,$Y$61:$Y$360),"") -> 26.56
A82: 2014-S23 | B82: 41792 | C82: =IF(OR($U$2,INDEX($U82:$Y82,$U$3)=""),"",INDEX($U82:$Y82,$U$3)) | D82: =SUMIFS(Historique!I$2:I$2107,Historique!$A$2:$A$2107,">="&$B82,Historique!$A$2:$A$2107,"<="&($B82+6),Historique!$H$2:$H$2107,"Oui") -> 23.34 | E82: =SUMIFS(Historique!J$2:J$2107,Historique!$A$2:$A$2107,">="&$B82,Historique!$A$2:$A$2107,"<="&($B82+6),Historique!$H$2:$H$2107,"Oui") -> 23.06 | F82: =SUMIFS(Historique!K$2:K$2107,Historique!$A$2:$A$2107,">="&$B82,Historique!$A$2:$A$2107,"<="&($B82+6),Historique!$H$2:$H$2107,"Oui") -> 33.9 | G82: =SUMIFS(Historique!L$2:L$2107,Historique!$A$2:$A$2107,">="&$B82,Historique!$A$2:$A$2107,"<="&($B82+6),Historique!$H$2:$H$2107,"Oui") -> 154.425 | H82: =SUMIFS(Historique!M$2:M$2107,Historique!$A$2:$A$2107,">="&$B82,Historique!$A$2:$A$2107,"<="&($B82+6),Historique!$H$2:$H$2107,"Oui") -> 64 | I82: =SUMIFS(Historique!N$2:N$2107,Historique!$A$2:$A$2107,">="&$B82,Historique!$A$2:$A$2107,"<="&($B82+6),Historique!$H$2:$H$2107,"Oui") -> 8 | J82: =SUMIFS(Historique!O$2:O$2107,Historique!$A$2:$A$2107,">="&$B82,Historique!$A$2:$A$2107,"<="&($B82+6),Historique!$H$2:$H$2107,"Oui") -> 19 | K82: =SUMIFS(Historique!P$2:P$2107,Historique!$A$2:$A$2107,">="&$B82,Historique!$A$2:$A$2107,"<="&($B82+6),Historique!$H$2:$H$2107,"Oui") -> 27.5 | L82: =SUM(D82:K82) -> 353.225 | N82: 23 | P82: 22 | Q82: Juin | R82: =IF($U$2,NA(),AVERAGEIF($N$61:$N$360,P82,$C$61:$C$360)) -> #N/A | S82: =AVERAGEIF($N$61:$N$360,P82,$L$61:$L$360) -> 358.16283 | U82: 8 | V82: 102 | W82: 37 | X82: 19.068571 | Y82: 36.57 | Z82: =IFERROR(AVERAGEIF($N$61:$N$360,$P82,$U$61:$U$360),"") -> 6.1666667 | AA82: =IFERROR(AVERAGEIF($N$61:$N$360,$P82,$V$61:$V$360),"") -> 77.166667 | AB82: =IFERROR(AVERAGEIF($N$61:$N$360,$P82,$W$61:$W$360),"") -> 28.333333 | AC82: =IFERROR(AVERAGEIF($N$61:$N$360,$P82,$X$61:$X$360),"") -> 19.225306 | AD82: =IFERROR(AVERAGEIF($N$61:$N$360,$P82,$Y$61:$Y$360),"") -> 40.191032
A83: 2014-S24 | B83: 41799 | C83: =IF(OR($U$2,INDEX($U83:$Y83,$U$3)=""),"",INDEX($U83:$Y83,$U$3)) | D83: =SUMIFS(Historique!I$2:I$2107,Historique!$A$2:$A$2107,">="&$B83,Historique!$A$2:$A$2107,"<="&($B83+6),Historique!$H$2:$H$2107,"Oui") -> 29.03 | E83: =SUMIFS(Historique!J$2:J$2107,Historique!$A$2:$A$2107,">="&$B83,Historique!$A$2:$A$2107,"<="&($B83+6),Historique!$H$2:$H$2107,"Oui") -> 17.4 | F83: =SUMIFS(Historique!K$2:K$2107,Historique!$A$2:$A$2107,">="&$B83,Historique!$A$2:$A$2107,"<="&($B83+6),Historique!$H$2:$H$2107,"Oui") -> 23.6 | G83: =SUMIFS(Historique!L$2:L$2107,Historique!$A$2:$A$2107,">="&$B83,Historique!$A$2:$A$2107,"<="&($B83+6),Historique!$H$2:$H$2107,"Oui") -> 95.3 | H83: =SUMIFS(Historique!M$2:M$2107,Historique!$A$2:$A$2107,">="&$B83,Historique!$A$2:$A$2107,"<="&($B83+6),Historique!$H$2:$H$2107,"Oui") -> 87 | I83: =SUMIFS(Historique!N$2:N$2107,Historique!$A$2:$A$2107,">="&$B83,Historique!$A$2:$A$2107,"<="&($B83+6),Historique!$H$2:$H$2107,"Oui") -> 8 | J83: =SUMIFS(Historique!O$2:O$2107,Historique!$A$2:$A$2107,">="&$B83,Historique!$A$2:$A$2107,"<="&($B83+6),Historique!$H$2:$H$2107,"Oui") -> 20 | K83: =SUMIFS(Historique!P$2:P$2107,Historique!$A$2:$A$2107,">="&$B83,Historique!$A$2:$A$2107,"<="&($B83+6),Historique!$H$2:$H$2107,"Oui") -> 36.8 | L83: =SUM(D83:K83) -> 317.13 | N83: 24 | P83: 23 | R83: =IF($U$2,NA(),AVERAGEIF($N$61:$N$360,P83,$C$61:$C$360)) -> #N/A | S83: =AVERAGEIF($N$61:$N$360,P83,$L$61:$L$360) -> 370.38767 | U83: 3 | V83: 88 | W83: 34 | X83: 24.802857 | Z83: =IFERROR(AVERAGEIF($N$61:$N$360,$P83,$U$61:$U$360),"") -> 4.6666667 | AA83: =IFERROR(AVERAGEIF($N$61:$N$360,$P83,$V$61:$V$360),"") -> 85 | AB83: =IFERROR(AVERAGEIF($N$61:$N$360,$P83,$W$61:$W$360),"") -> 28.666667 | AC83: =IFERROR(AVERAGEIF($N$61:$N$360,$P83,$X$61:$X$360),"") -> 20.431769 | AD83: =IFERROR(AVERAGEIF($N$61:$N$360,$P83,$Y$61:$Y$360),"") -> 40.039524
A84: 2014-S25 | B84: 41806 | C84: =IF(OR($U$2,INDEX($U84:$Y84,$U$3)=""),"",INDEX($U84:$Y84,$U$3)) | D84: =SUMIFS(Historique!I$2:I$2107,Historique!$A$2:$A$2107,">="&$B84,Historique!$A$2:$A$2107,"<="&($B84+6),Historique!$H$2:$H$2107,"Oui") -> 31.68 | E84: =SUMIFS(Historique!J$2:J$2107,Historique!$A$2:$A$2107,">="&$B84,Historique!$A$2:$A$2107,"<="&($B84+6),Historique!$H$2:$H$2107,"Oui") -> 20.73 | F84: =SUMIFS(Historique!K$2:K$2107,Historique!$A$2:$A$2107,">="&$B84,Historique!$A$2:$A$2107,"<="&($B84+6),Historique!$H$2:$H$2107,"Oui") -> 26.1 | G84: =SUMIFS(Historique!L$2:L$2107,Historique!$A$2:$A$2107,">="&$B84,Historique!$A$2:$A$2107,"<="&($B84+6),Historique!$H$2:$H$2107,"Oui") -> 106.7 | H84: =SUMIFS(Historique!M$2:M$2107,Historique!$A$2:$A$2107,">="&$B84,Historique!$A$2:$A$2107,"<="&($B84+6),Historique!$H$2:$H$2107,"Oui") -> 66 | I84: =SUMIFS(Historique!N$2:N$2107,Historique!$A$2:$A$2107,">="&$B84,Historique!$A$2:$A$2107,"<="&($B84+6),Historique!$H$2:$H$2107,"Oui") -> 5 | J84: =SUMIFS(Historique!O$2:O$2107,Historique!$A$2:$A$2107,">="&$B84,Historique!$A$2:$A$2107,"<="&($B84+6),Historique!$H$2:$H$2107,"Oui") -> 11 | K84: =SUMIFS(Historique!P$2:P$2107,Historique!$A$2:$A$2107,">="&$B84,Historique!$A$2:$A$2107,"<="&($B84+6),Historique!$H$2:$H$2107,"Oui") -> 24 | L84: =SUM(D84:K84) -> 291.21 | N84: 25 | P84: 24 | R84: =IF($U$2,NA(),AVERAGEIF($N$61:$N$360,P84,$C$61:$C$360)) -> #N/A | S84: =AVERAGEIF($N$61:$N$360,P84,$L$61:$L$360) -> 338.47483 | U84: 7 | V84: 92 | W84: 24 | X84: 22.125714 | Y84: 40.611429 | Z84: =IFERROR(AVERAGEIF($N$61:$N$360,$P84,$U$61:$U$360),"") -> 3.8333333 | AA84: =IFERROR(AVERAGEIF($N$61:$N$360,$P84,$V$61:$V$360),"") -> 82 | AB84: =IFERROR(AVERAGEIF($N$61:$N$360,$P84,$W$61:$W$360),"") -> 26.833333 | AC84: =IFERROR(AVERAGEIF($N$61:$N$360,$P84,$X$61:$X$360),"") -> 22.331973 | AD84: =IFERROR(AVERAGEIF($N$61:$N$360,$P84,$Y$61:$Y$360),"") -> 34.907119
A85: 2014-S26 | B85: 41813 | C85: =IF(OR($U$2,INDEX($U85:$Y85,$U$3)=""),"",INDEX($U85:$Y85,$U$3)) | D85: =SUMIFS(Historique!I$2:I$2107,Historique!$A$2:$A$2107,">="&$B85,Historique!$A$2:$A$2107,"<="&($B85+6),Historique!$H$2:$H$2107,"Oui") -> 21.02 | E85: =SUMIFS(Historique!J$2:J$2107,Historique!$A$2:$A$2107,">="&$B85,Historique!$A$2:$A$2107,"<="&($B85+6),Historique!$H$2:$H$2107,"Oui") -> 27.5 | F85: =SUMIFS(Historique!K$2:K$2107,Historique!$A$2:$A$2107,">="&$B85,Historique!$A$2:$A$2107,"<="&($B85+6),Historique!$H$2:$H$2107,"Oui") -> 37.3 | G85: =SUMIFS(Historique!L$2:L$2107,Historique!$A$2:$A$2107,">="&$B85,Historique!$A$2:$A$2107,"<="&($B85+6),Historique!$H$2:$H$2107,"Oui") -> 156.8 | H85: =SUMIFS(Historique!M$2:M$2107,Historique!$A$2:$A$2107,">="&$B85,Historique!$A$2:$A$2107,"<="&($B85+6),Historique!$H$2:$H$2107,"Oui") -> 96 | I85: =SUMIFS(Historique!N$2:N$2107,Historique!$A$2:$A$2107,">="&$B85,Historique!$A$2:$A$2107,"<="&($B85+6),Historique!$H$2:$H$2107,"Oui") -> 1 | J85: =SUMIFS(Historique!O$2:O$2107,Historique!$A$2:$A$2107,">="&$B85,Historique!$A$2:$A$2107,"<="&($B85+6),Historique!$H$2:$H$2107,"Oui") -> 6 | K85: =SUMIFS(Historique!P$2:P$2107,Historique!$A$2:$A$2107,">="&$B85,Historique!$A$2:$A$2107,"<="&($B85+6),Historique!$H$2:$H$2107,"Oui") -> 18 | L85: =SUM(D85:K85) -> 363.62 | N85: 26 | P85: 25 | R85: =IF($U$2,NA(),AVERAGEIF($N$61:$N$360,P85,$C$61:$C$360)) -> #N/A | S85: =AVERAGEIF($N$61:$N$360,P85,$L$61:$L$360) -> 347.74483 | U85: 6 | V85: 81 | W85: 22 | X85: 23.06 | Y85: 22.375714 | Z85: =IFERROR(AVERAGEIF($N$61:$N$360,$P85,$U$61:$U$360),"") -> 4.6666667 | AA85: =IFERROR(AVERAGEIF($N$61:$N$360,$P85,$V$61:$V$360),"") -> 77.333333 | AB85: =IFERROR(AVERAGEIF($N$61:$N$360,$P85,$W$61:$W$360),"") -> 25.333333 | AC85: =IFERROR(AVERAGEIF($N$61:$N$360,$P85,$X$61:$X$360),"") -> 23.235782 | AD85: =IFERROR(AVERAGEIF($N$61:$N$360,$P85,$Y$61:$Y$360),"") -> 42.378
A86: 2014-S27 | B86: 41820 | C86: =IF(OR($U$2,INDEX($U86:$Y86,$U$3)=""),"",INDEX($U86:$Y86,$U$3)) | D86: =SUMIFS(Historique!I$2:I$2107,Historique!$A$2:$A$2107,">="&$B86,Historique!$A$2:$A$2107,"<="&($B86+6),Historique!$H$2:$H$2107,"Oui") -> 27.35 | E86: =SUMIFS(Historique!J$2:J$2107,Historique!$A$2:$A$2107,">="&$B86,Historique!$A$2:$A$2107,"<="&($B86+6),Historique!$H$2:$H$2107,"Oui") -> 24.74 | F86: =SUMIFS(Historique!K$2:K$2107,Historique!$A$2:$A$2107,">="&$B86,Historique!$A$2:$A$2107,"<="&($B86+6),Historique!$H$2:$H$2107,"Oui") -> 30 | G86: =SUMIFS(Historique!L$2:L$2107,Historique!$A$2:$A$2107,">="&$B86,Historique!$A$2:$A$2107,"<="&($B86+6),Historique!$H$2:$H$2107,"Oui") -> 135.8 | H86: =SUMIFS(Historique!M$2:M$2107,Historique!$A$2:$A$2107,">="&$B86,Historique!$A$2:$A$2107,"<="&($B86+6),Historique!$H$2:$H$2107,"Oui") -> 64 | I86: =SUMIFS(Historique!N$2:N$2107,Historique!$A$2:$A$2107,">="&$B86,Historique!$A$2:$A$2107,"<="&($B86+6),Historique!$H$2:$H$2107,"Oui") -> 3 | J86: =SUMIFS(Historique!O$2:O$2107,Historique!$A$2:$A$2107,">="&$B86,Historique!$A$2:$A$2107,"<="&($B86+6),Historique!$H$2:$H$2107,"Oui") -> 8 | K86: =SUMIFS(Historique!P$2:P$2107,Historique!$A$2:$A$2107,">="&$B86,Historique!$A$2:$A$2107,"<="&($B86+6),Historique!$H$2:$H$2107,"Oui") -> 10 | L86: =SUM(D86:K86) -> 302.89 | N86: 27 | P86: 26 | R86: =IF($U$2,NA(),AVERAGEIF($N$61:$N$360,P86,$C$61:$C$360)) -> #N/A | S86: =AVERAGEIF($N$61:$N$360,P86,$L$61:$L$360) -> 340.64433 | U86: 8 | V86: 80 | W86: 17 | X86: 22.2 | Y86: 6.5057143 | Z86: =IFERROR(AVERAGEIF($N$61:$N$360,$P86,$U$61:$U$360),"") -> 5 | AA86: =IFERROR(AVERAGEIF($N$61:$N$360,$P86,$V$61:$V$360),"") -> 79.333333 | AB86: =IFERROR(AVERAGEIF($N$61:$N$360,$P86,$W$61:$W$360),"") -> 27.333333 | AC86: =IFERROR(AVERAGEIF($N$61:$N$360,$P86,$X$61:$X$360),"") -> 23.399932 | AD86: =IFERROR(AVERAGEIF($N$61:$N$360,$P86,$Y$61:$Y$360),"") -> 28.541714
A87: 2014-S28 | B87: 41827 | C87: =IF(OR($U$2,INDEX($U87:$Y87,$U$3)=""),"",INDEX($U87:$Y87,$U$3)) | D87: =SUMIFS(Historique!I$2:I$2107,Historique!$A$2:$A$2107,">="&$B87,Historique!$A$2:$A$2107,"<="&($B87+6),Historique!$H$2:$H$2107,"Oui") -> 26.01 | E87: =SUMIFS(Historique!J$2:J$2107,Historique!$A$2:$A$2107,">="&$B87,Historique!$A$2:$A$2107,"<="&($B87+6),Historique!$H$2:$H$2107,"Oui") -> 22.38 | F87: =SUMIFS(Historique!K$2:K$2107,Historique!$A$2:$A$2107,">="&$B87,Historique!$A$2:$A$2107,"<="&($B87+6),Historique!$H$2:$H$2107,"Oui") -> 34.7 | G87: =SUMIFS(Historique!L$2:L$2107,Historique!$A$2:$A$2107,">="&$B87,Historique!$A$2:$A$2107,"<="&($B87+6),Historique!$H$2:$H$2107,"Oui") -> 122.8 | H87: =SUMIFS(Historique!M$2:M$2107,Historique!$A$2:$A$2107,">="&$B87,Historique!$A$2:$A$2107,"<="&($B87+6),Historique!$H$2:$H$2107,"Oui") -> 83 | I87: =SUMIFS(Historique!N$2:N$2107,Historique!$A$2:$A$2107,">="&$B87,Historique!$A$2:$A$2107,"<="&($B87+6),Historique!$H$2:$H$2107,"Oui") -> 7 | J87: =SUMIFS(Historique!O$2:O$2107,Historique!$A$2:$A$2107,">="&$B87,Historique!$A$2:$A$2107,"<="&($B87+6),Historique!$H$2:$H$2107,"Oui") -> 27 | K87: =SUMIFS(Historique!P$2:P$2107,Historique!$A$2:$A$2107,">="&$B87,Historique!$A$2:$A$2107,"<="&($B87+6),Historique!$H$2:$H$2107,"Oui") -> 16.2 | L87: =SUM(D87:K87) -> 339.09 | N87: 28 | P87: 27 | Q87: Juil. | R87: =IF($U$2,NA(),AVERAGEIF($N$61:$N$360,P87,$C$61:$C$360)) -> #N/A | S87: =AVERAGEIF($N$61:$N$360,P87,$L$61:$L$360) -> 340.13967 | U87: 6 | V87: 98 | W87: 23 | X87: 21.374286 | Y87: 11.04 | Z87: =IFERROR(AVERAGEIF($N$61:$N$360,$P87,$U$61:$U$360),"") -> 5.8333333 | AA87: =IFERROR(AVERAGEIF($N$61:$N$360,$P87,$V$61:$V$360),"") -> 72.333333 | AB87: =IFERROR(AVERAGEIF($N$61:$N$360,$P87,$W$61:$W$360),"") -> 25 | AC87: =IFERROR(AVERAGEIF($N$61:$N$360,$P87,$X$61:$X$360),"") -> 24.651429 | AD87: =IFERROR(AVERAGEIF($N$61:$N$360,$P87,$Y$61:$Y$360),"") -> 20.533413
A88: 2014-S29 | B88: 41834 | C88: =IF(OR($U$2,INDEX($U88:$Y88,$U$3)=""),"",INDEX($U88:$Y88,$U$3)) | D88: =SUMIFS(Historique!I$2:I$2107,Historique!$A$2:$A$2107,">="&$B88,Historique!$A$2:$A$2107,"<="&($B88+6),Historique!$H$2:$H$2107,"Oui") -> 33.67 | E88: =SUMIFS(Historique!J$2:J$2107,Historique!$A$2:$A$2107,">="&$B88,Historique!$A$2:$A$2107,"<="&($B88+6),Historique!$H$2:$H$2107,"Oui") -> 20.76 | F88: =SUMIFS(Historique!K$2:K$2107,Historique!$A$2:$A$2107,">="&$B88,Historique!$A$2:$A$2107,"<="&($B88+6),Historique!$H$2:$H$2107,"Oui") -> 20.5 | G88: =SUMIFS(Historique!L$2:L$2107,Historique!$A$2:$A$2107,">="&$B88,Historique!$A$2:$A$2107,"<="&($B88+6),Historique!$H$2:$H$2107,"Oui") -> 96 | H88: =SUMIFS(Historique!M$2:M$2107,Historique!$A$2:$A$2107,">="&$B88,Historique!$A$2:$A$2107,"<="&($B88+6),Historique!$H$2:$H$2107,"Oui") -> 84 | I88: =SUMIFS(Historique!N$2:N$2107,Historique!$A$2:$A$2107,">="&$B88,Historique!$A$2:$A$2107,"<="&($B88+6),Historique!$H$2:$H$2107,"Oui") -> 6 | J88: =SUMIFS(Historique!O$2:O$2107,Historique!$A$2:$A$2107,">="&$B88,Historique!$A$2:$A$2107,"<="&($B88+6),Historique!$H$2:$H$2107,"Oui") -> 12 | K88: =SUMIFS(Historique!P$2:P$2107,Historique!$A$2:$A$2107,">="&$B88,Historique!$A$2:$A$2107,"<="&($B88+6),Historique!$H$2:$H$2107,"Oui") -> 14.4 | L88: =SUM(D88:K88) -> 287.33 | N88: 29 | P88: 28 | R88: =IF($U$2,NA(),AVERAGEIF($N$61:$N$360,P88,$C$61:$C$360)) -> #N/A | S88: =AVERAGEIF($N$61:$N$360,P88,$L$61:$L$360) -> 348.51956 | U88: 8 | V88: 69 | W88: 22 | X88: 23.774286 | Y88: 7.59 | Z88: =IFERROR(AVERAGEIF($N$61:$N$360,$P88,$U$61:$U$360),"") -> 4.3333333 | AA88: =IFERROR(AVERAGEIF($N$61:$N$360,$P88,$V$61:$V$360),"") -> 75 | AB88: =IFERROR(AVERAGEIF($N$61:$N$360,$P88,$W$61:$W$360),"") -> 23.666667 | AC88: =IFERROR(AVERAGEIF($N$61:$N$360,$P88,$X$61:$X$360),"") -> 24.492789 | AD88: =IFERROR(AVERAGEIF($N$61:$N$360,$P88,$Y$61:$Y$360),"") -> 12.860571
A89: 2014-S30 | B89: 41841 | C89: =IF(OR($U$2,INDEX($U89:$Y89,$U$3)=""),"",INDEX($U89:$Y89,$U$3)) | D89: =SUMIFS(Historique!I$2:I$2107,Historique!$A$2:$A$2107,">="&$B89,Historique!$A$2:$A$2107,"<="&($B89+6),Historique!$H$2:$H$2107,"Oui") -> 28.01 | E89: =SUMIFS(Historique!J$2:J$2107,Historique!$A$2:$A$2107,">="&$B89,Historique!$A$2:$A$2107,"<="&($B89+6),Historique!$H$2:$H$2107,"Oui") -> 28.77 | F89: =SUMIFS(Historique!K$2:K$2107,Historique!$A$2:$A$2107,">="&$B89,Historique!$A$2:$A$2107,"<="&($B89+6),Historique!$H$2:$H$2107,"Oui") -> 33.1 | G89: =SUMIFS(Historique!L$2:L$2107,Historique!$A$2:$A$2107,">="&$B89,Historique!$A$2:$A$2107,"<="&($B89+6),Historique!$H$2:$H$2107,"Oui") -> 116.2 | H89: =SUMIFS(Historique!M$2:M$2107,Historique!$A$2:$A$2107,">="&$B89,Historique!$A$2:$A$2107,"<="&($B89+6),Historique!$H$2:$H$2107,"Oui") -> 77 | I89: =SUMIFS(Historique!N$2:N$2107,Historique!$A$2:$A$2107,">="&$B89,Historique!$A$2:$A$2107,"<="&($B89+6),Historique!$H$2:$H$2107,"Oui") -> 2 | J89: =SUMIFS(Historique!O$2:O$2107,Historique!$A$2:$A$2107,">="&$B89,Historique!$A$2:$A$2107,"<="&($B89+6),Historique!$H$2:$H$2107,"Oui") -> 8 | K89: =SUMIFS(Historique!P$2:P$2107,Historique!$A$2:$A$2107,">="&$B89,Historique!$A$2:$A$2107,"<="&($B89+6),Historique!$H$2:$H$2107,"Oui") -> 16 | L89: =SUM(D89:K89) -> 309.08 | N89: 30 | P89: 29 | R89: =IF($U$2,NA(),AVERAGEIF($N$61:$N$360,P89,$C$61:$C$360)) -> #N/A | S89: =AVERAGEIF($N$61:$N$360,P89,$L$61:$L$360) -> 319.1215 | U89: 7 | V89: 72 | W89: 22 | X89: 24.748571 | Y89: 7.7871429 | Z89: =IFERROR(AVERAGEIF($N$61:$N$360,$P89,$U$61:$U$360),"") -> 4.6666667 | AA89: =IFERROR(AVERAGEIF($N$61:$N$360,$P89,$V$61:$V$360),"") -> 81.666667 | AB89: =IFERROR(AVERAGEIF($N$61:$N$360,$P89,$W$61:$W$360),"") -> 20.666667 | AC89: =IFERROR(AVERAGEIF($N$61:$N$360,$P89,$X$61:$X$360),"") -> 24.537211 | AD89: =IFERROR(AVERAGEIF($N$61:$N$360,$P89,$Y$61:$Y$360),"") -> 6.906746
A90: 2014-S31 | B90: 41848 | C90: =IF(OR($U$2,INDEX($U90:$Y90,$U$3)=""),"",INDEX($U90:$Y90,$U$3)) | D90: =SUMIFS(Historique!I$2:I$2107,Historique!$A$2:$A$2107,">="&$B90,Historique!$A$2:$A$2107,"<="&($B90+6),Historique!$H$2:$H$2107,"Oui") -> 20.02 | E90: =SUMIFS(Historique!J$2:J$2107,Historique!$A$2:$A$2107,">="&$B90,Historique!$A$2:$A$2107,"<="&($B90+6),Historique!$H$2:$H$2107,"Oui") -> 7.71 | F90: =SUMIFS(Historique!K$2:K$2107,Historique!$A$2:$A$2107,">="&$B90,Historique!$A$2:$A$2107,"<="&($B90+6),Historique!$H$2:$H$2107,"Oui") -> 23.2 | G90: =SUMIFS(Historique!L$2:L$2107,Historique!$A$2:$A$2107,">="&$B90,Historique!$A$2:$A$2107,"<="&($B90+6),Historique!$H$2:$H$2107,"Oui") -> 95.1 | H90: =SUMIFS(Historique!M$2:M$2107,Historique!$A$2:$A$2107,">="&$B90,Historique!$A$2:$A$2107,"<="&($B90+6),Historique!$H$2:$H$2107,"Oui") -> 80 | I90: =SUMIFS(Historique!N$2:N$2107,Historique!$A$2:$A$2107,">="&$B90,Historique!$A$2:$A$2107,"<="&($B90+6),Historique!$H$2:$H$2107,"Oui") -> 9 | J90: =SUMIFS(Historique!O$2:O$2107,Historique!$A$2:$A$2107,">="&$B90,Historique!$A$2:$A$2107,"<="&($B90+6),Historique!$H$2:$H$2107,"Oui") -> 11 | K90: =SUMIFS(Historique!P$2:P$2107,Historique!$A$2:$A$2107,">="&$B90,Historique!$A$2:$A$2107,"<="&($B90+6),Historique!$H$2:$H$2107,"Oui") -> 16.5 | L90: =SUM(D90:K90) -> 262.53 | N90: 31 | P90: 30 | R90: =IF($U$2,NA(),AVERAGEIF($N$61:$N$360,P90,$C$61:$C$360)) -> #N/A | S90: =AVERAGEIF($N$61:$N$360,P90,$L$61:$L$360) -> 313.20133 | U90: 6 | V90: 85 | W90: 17 | X90: 23.18 | Y90: 5.2242857 | Z90: =IFERROR(AVERAGEIF($N$61:$N$360,$P90,$U$61:$U$360),"") -> 4.6666667 | AA90: =IFERROR(AVERAGEIF($N$61:$N$360,$P90,$V$61:$V$360),"") -> 79 | AB90: =IFERROR(AVERAGEIF($N$61:$N$360,$P90,$W$61:$W$360),"") -> 16.666667 | AC90: =IFERROR(AVERAGEIF($N$61:$N$360,$P90,$X$61:$X$360),"") -> 25.769252 | AD90: =IFERROR(AVERAGEIF($N$61:$N$360,$P90,$Y$61:$Y$360),"") -> 4.9054762
A91: 2014-S32 | B91: 41855 | C91: =IF(OR($U$2,INDEX($U91:$Y91,$U$3)=""),"",INDEX($U91:$Y91,$U$3)) | D91: =SUMIFS(Historique!I$2:I$2107,Historique!$A$2:$A$2107,">="&$B91,Historique!$A$2:$A$2107,"<="&($B91+6),Historique!$H$2:$H$2107,"Oui") -> 28.36 | E91: =SUMIFS(Historique!J$2:J$2107,Historique!$A$2:$A$2107,">="&$B91,Historique!$A$2:$A$2107,"<="&($B91+6),Historique!$H$2:$H$2107,"Oui") -> 19.74 | F91: =SUMIFS(Historique!K$2:K$2107,Historique!$A$2:$A$2107,">="&$B91,Historique!$A$2:$A$2107,"<="&($B91+6),Historique!$H$2:$H$2107,"Oui") -> 28.4 | G91: =SUMIFS(Historique!L$2:L$2107,Historique!$A$2:$A$2107,">="&$B91,Historique!$A$2:$A$2107,"<="&($B91+6),Historique!$H$2:$H$2107,"Oui") -> 123.6 | H91: =SUMIFS(Historique!M$2:M$2107,Historique!$A$2:$A$2107,">="&$B91,Historique!$A$2:$A$2107,"<="&($B91+6),Historique!$H$2:$H$2107,"Oui") -> 83 | I91: =SUMIFS(Historique!N$2:N$2107,Historique!$A$2:$A$2107,">="&$B91,Historique!$A$2:$A$2107,"<="&($B91+6),Historique!$H$2:$H$2107,"Oui") -> 8 | J91: =SUMIFS(Historique!O$2:O$2107,Historique!$A$2:$A$2107,">="&$B91,Historique!$A$2:$A$2107,"<="&($B91+6),Historique!$H$2:$H$2107,"Oui") -> 3 | K91: =SUMIFS(Historique!P$2:P$2107,Historique!$A$2:$A$2107,">="&$B91,Historique!$A$2:$A$2107,"<="&($B91+6),Historique!$H$2:$H$2107,"Oui") -> 16.9 | L91: =SUM(D91:K91) -> 311 | N91: 32 | P91: 31 | Q91: Août | R91: =IF($U$2,NA(),AVERAGEIF($N$61:$N$360,P91,$C$61:$C$360)) -> #N/A | S91: =AVERAGEIF($N$61:$N$360,P91,$L$61:$L$360) -> 332.1855 | U91: 5 | V91: 89 | W91: 9 | X91: 24.102857 | Y91: 2.53 | Z91: =IFERROR(AVERAGEIF($N$61:$N$360,$P91,$U$61:$U$360),"") -> 4.6666667 | AA91: =IFERROR(AVERAGEIF($N$61:$N$360,$P91,$V$61:$V$360),"") -> 82.166667 | AB91: =IFERROR(AVERAGEIF($N$61:$N$360,$P91,$W$61:$W$360),"") -> 13.333333 | AC91: =IFERROR(AVERAGEIF($N$61:$N$360,$P91,$X$61:$X$360),"") -> 25.321361 | AD91: =IFERROR(AVERAGEIF($N$61:$N$360,$P91,$Y$61:$Y$360),"") -> 4.7406349
A92: 2014-S33 | B92: 41862 | C92: =IF(OR($U$2,INDEX($U92:$Y92,$U$3)=""),"",INDEX($U92:$Y92,$U$3)) | D92: =SUMIFS(Historique!I$2:I$2107,Historique!$A$2:$A$2107,">="&$B92,Historique!$A$2:$A$2107,"<="&($B92+6),Historique!$H$2:$H$2107,"Oui") -> 26.02 | E92: =SUMIFS(Historique!J$2:J$2107,Historique!$A$2:$A$2107,">="&$B92,Historique!$A$2:$A$2107,"<="&($B92+6),Historique!$H$2:$H$2107,"Oui") -> 19.53 | F92: =SUMIFS(Historique!K$2:K$2107,Historique!$A$2:$A$2107,">="&$B92,Historique!$A$2:$A$2107,"<="&($B92+6),Historique!$H$2:$H$2107,"Oui") -> 34.7 | G92: =SUMIFS(Historique!L$2:L$2107,Historique!$A$2:$A$2107,">="&$B92,Historique!$A$2:$A$2107,"<="&($B92+6),Historique!$H$2:$H$2107,"Oui") -> 103.4 | H92: =SUMIFS(Historique!M$2:M$2107,Historique!$A$2:$A$2107,">="&$B92,Historique!$A$2:$A$2107,"<="&($B92+6),Historique!$H$2:$H$2107,"Oui") -> 99 | I92: =SUMIFS(Historique!N$2:N$2107,Historique!$A$2:$A$2107,">="&$B92,Historique!$A$2:$A$2107,"<="&($B92+6),Historique!$H$2:$H$2107,"Oui") -> 5 | J92: =SUMIFS(Historique!O$2:O$2107,Historique!$A$2:$A$2107,">="&$B92,Historique!$A$2:$A$2107,"<="&($B92+6),Historique!$H$2:$H$2107,"Oui") -> 3 | K92: =SUMIFS(Historique!P$2:P$2107,Historique!$A$2:$A$2107,">="&$B92,Historique!$A$2:$A$2107,"<="&($B92+6),Historique!$H$2:$H$2107,"Oui") -> 23.6 | L92: =SUM(D92:K92) -> 314.25 | N92: 33 | P92: 32 | R92: =IF($U$2,NA(),AVERAGEIF($N$61:$N$360,P92,$C$61:$C$360)) -> #N/A | S92: =AVERAGEIF($N$61:$N$360,P92,$L$61:$L$360) -> 331.44578 | U92: 4 | V92: 85 | W92: 9 | X92: 21.651429 | Y92: 2.8585714 | Z92: =IFERROR(AVERAGEIF($N$61:$N$360,$P92,$U$61:$U$360),"") -> 3.1666667 | AA92: =IFERROR(AVERAGEIF($N$61:$N$360,$P92,$V$61:$V$360),"") -> 81 | AB92: =IFERROR(AVERAGEIF($N$61:$N$360,$P92,$W$61:$W$360),"") -> 6.6666667 | AC92: =IFERROR(AVERAGEIF($N$61:$N$360,$P92,$X$61:$X$360),"") -> 24.31551 | AD92: =IFERROR(AVERAGEIF($N$61:$N$360,$P92,$Y$61:$Y$360),"") -> 3.1035397
A93: 2014-S34 | B93: 41869 | C93: =IF(OR($U$2,INDEX($U93:$Y93,$U$3)=""),"",INDEX($U93:$Y93,$U$3)) | D93: =SUMIFS(Historique!I$2:I$2107,Historique!$A$2:$A$2107,">="&$B93,Historique!$A$2:$A$2107,"<="&($B93+6),Historique!$H$2:$H$2107,"Oui") -> 36.36 | E93: =SUMIFS(Historique!J$2:J$2107,Historique!$A$2:$A$2107,">="&$B93,Historique!$A$2:$A$2107,"<="&($B93+6),Historique!$H$2:$H$2107,"Oui") -> 25.225 | F93: =SUMIFS(Historique!K$2:K$2107,Historique!$A$2:$A$2107,">="&$B93,Historique!$A$2:$A$2107,"<="&($B93+6),Historique!$H$2:$H$2107,"Oui") -> 20.5 | G93: =SUMIFS(Historique!L$2:L$2107,Historique!$A$2:$A$2107,">="&$B93,Historique!$A$2:$A$2107,"<="&($B93+6),Historique!$H$2:$H$2107,"Oui") -> 111.2 | H93: =SUMIFS(Historique!M$2:M$2107,Historique!$A$2:$A$2107,">="&$B93,Historique!$A$2:$A$2107,"<="&($B93+6),Historique!$H$2:$H$2107,"Oui") -> 92 | I93: =SUMIFS(Historique!N$2:N$2107,Historique!$A$2:$A$2107,">="&$B93,Historique!$A$2:$A$2107,"<="&($B93+6),Historique!$H$2:$H$2107,"Oui") -> 7 | J93: =SUMIFS(Historique!O$2:O$2107,Historique!$A$2:$A$2107,">="&$B93,Historique!$A$2:$A$2107,"<="&($B93+6),Historique!$H$2:$H$2107,"Oui") -> 14 | K93: =SUMIFS(Historique!P$2:P$2107,Historique!$A$2:$A$2107,">="&$B93,Historique!$A$2:$A$2107,"<="&($B93+6),Historique!$H$2:$H$2107,"Oui") -> 11.3 | L93: =SUM(D93:K93) -> 317.585 | N93: 34 | P93: 33 | R93: =IF($U$2,NA(),AVERAGEIF($N$61:$N$360,P93,$C$61:$C$360)) -> #N/A | S93: =AVERAGEIF($N$61:$N$360,P93,$L$61:$L$360) -> 334.093 | U93: 4 | V93: 88 | W93: 10 | X93: 20.771429 | Y93: 2.208 | Z93: =IFERROR(AVERAGEIF($N$61:$N$360,$P93,$U$61:$U$360),"") -> 2.8333333 | AA93: =IFERROR(AVERAGEIF($N$61:$N$360,$P93,$V$61:$V$360),"") -> 77.5 | AB93: =IFERROR(AVERAGEIF($N$61:$N$360,$P93,$W$61:$W$360),"") -> 5.8333333 | AC93: =IFERROR(AVERAGEIF($N$61:$N$360,$P93,$X$61:$X$360),"") -> 23.325986 | AD93: =IFERROR(AVERAGEIF($N$61:$N$360,$P93,$Y$61:$Y$360),"") -> 3.1507778
A94: 2014-S35 | B94: 41876 | C94: =IF(OR($U$2,INDEX($U94:$Y94,$U$3)=""),"",INDEX($U94:$Y94,$U$3)) | D94: =SUMIFS(Historique!I$2:I$2107,Historique!$A$2:$A$2107,">="&$B94,Historique!$A$2:$A$2107,"<="&($B94+6),Historique!$H$2:$H$2107,"Oui") -> 22.05 | E94: =SUMIFS(Historique!J$2:J$2107,Historique!$A$2:$A$2107,">="&$B94,Historique!$A$2:$A$2107,"<="&($B94+6),Historique!$H$2:$H$2107,"Oui") -> 31.275 | F94: =SUMIFS(Historique!K$2:K$2107,Historique!$A$2:$A$2107,">="&$B94,Historique!$A$2:$A$2107,"<="&($B94+6),Historique!$H$2:$H$2107,"Oui") -> 29 | G94: =SUMIFS(Historique!L$2:L$2107,Historique!$A$2:$A$2107,">="&$B94,Historique!$A$2:$A$2107,"<="&($B94+6),Historique!$H$2:$H$2107,"Oui") -> 160.15 | H94: =SUMIFS(Historique!M$2:M$2107,Historique!$A$2:$A$2107,">="&$B94,Historique!$A$2:$A$2107,"<="&($B94+6),Historique!$H$2:$H$2107,"Oui") -> 112 | I94: =SUMIFS(Historique!N$2:N$2107,Historique!$A$2:$A$2107,">="&$B94,Historique!$A$2:$A$2107,"<="&($B94+6),Historique!$H$2:$H$2107,"Oui") -> 3 | J94: =SUMIFS(Historique!O$2:O$2107,Historique!$A$2:$A$2107,">="&$B94,Historique!$A$2:$A$2107,"<="&($B94+6),Historique!$H$2:$H$2107,"Oui") -> 12 | K94: =SUMIFS(Historique!P$2:P$2107,Historique!$A$2:$A$2107,">="&$B94,Historique!$A$2:$A$2107,"<="&($B94+6),Historique!$H$2:$H$2107,"Oui") -> 15 | L94: =SUM(D94:K94) -> 384.475 | N94: 35 | P94: 34 | R94: =IF($U$2,NA(),AVERAGEIF($N$61:$N$360,P94,$C$61:$C$360)) -> #N/A | S94: =AVERAGEIF($N$61:$N$360,P94,$L$61:$L$360) -> 354.06961 | U94: 4 | V94: 105 | W94: 5 | X94: 23.245714 | Y94: 3.9428571 | Z94: =IFERROR(AVERAGEIF($N$61:$N$360,$P94,$U$61:$U$360),"") -> 2.8333333 | AA94: =IFERROR(AVERAGEIF($N$61:$N$360,$P94,$V$61:$V$360),"") -> 83.833333 | AB94: =IFERROR(AVERAGEIF($N$61:$N$360,$P94,$W$61:$W$360),"") -> 6.6666667 | AC94: =IFERROR(AVERAGEIF($N$61:$N$360,$P94,$X$61:$X$360),"") -> 22.834422 | AD94: =IFERROR(AVERAGEIF($N$61:$N$360,$P94,$Y$61:$Y$360),"") -> 2.5362738
A95: 2014-S36 | B95: 41883 | C95: =IF(OR($U$2,INDEX($U95:$Y95,$U$3)=""),"",INDEX($U95:$Y95,$U$3)) | D95: =SUMIFS(Historique!I$2:I$2107,Historique!$A$2:$A$2107,">="&$B95,Historique!$A$2:$A$2107,"<="&($B95+6),Historique!$H$2:$H$2107,"Oui") -> 29.7 | E95: =SUMIFS(Historique!J$2:J$2107,Historique!$A$2:$A$2107,">="&$B95,Historique!$A$2:$A$2107,"<="&($B95+6),Historique!$H$2:$H$2107,"Oui") -> 29.369 | F95: =SUMIFS(Historique!K$2:K$2107,Historique!$A$2:$A$2107,">="&$B95,Historique!$A$2:$A$2107,"<="&($B95+6),Historique!$H$2:$H$2107,"Oui") -> 23.6 | G95: =SUMIFS(Historique!L$2:L$2107,Historique!$A$2:$A$2107,">="&$B95,Historique!$A$2:$A$2107,"<="&($B95+6),Historique!$H$2:$H$2107,"Oui") -> 113.72 | H95: =SUMIFS(Historique!M$2:M$2107,Historique!$A$2:$A$2107,">="&$B95,Historique!$A$2:$A$2107,"<="&($B95+6),Historique!$H$2:$H$2107,"Oui") -> 109 | I95: =SUMIFS(Historique!N$2:N$2107,Historique!$A$2:$A$2107,">="&$B95,Historique!$A$2:$A$2107,"<="&($B95+6),Historique!$H$2:$H$2107,"Oui") -> 5 | J95: =SUMIFS(Historique!O$2:O$2107,Historique!$A$2:$A$2107,">="&$B95,Historique!$A$2:$A$2107,"<="&($B95+6),Historique!$H$2:$H$2107,"Oui") -> 9 | K95: =SUMIFS(Historique!P$2:P$2107,Historique!$A$2:$A$2107,">="&$B95,Historique!$A$2:$A$2107,"<="&($B95+6),Historique!$H$2:$H$2107,"Oui") -> 18.6 | L95: =SUM(D95:K95) -> 337.989 | N95: 36 | P95: 35 | Q95: Sept. | R95: =IF($U$2,NA(),AVERAGEIF($N$61:$N$360,P95,$C$61:$C$360)) -> #N/A | S95: =AVERAGEIF($N$61:$N$360,P95,$L$61:$L$360) -> 347.50917 | U95: 8 | V95: 88 | W95: 4 | X95: 21.714286 | Y95: 5.52 | Z95: =IFERROR(AVERAGEIF($N$61:$N$360,$P95,$U$61:$U$360),"") -> 2.8333333 | AA95: =IFERROR(AVERAGEIF($N$61:$N$360,$P95,$V$61:$V$360),"") -> 88 | AB95: =IFERROR(AVERAGEIF($N$61:$N$360,$P95,$W$61:$W$360),"") -> 3.1666667 | AC95: =IFERROR(AVERAGEIF($N$61:$N$360,$P95,$X$61:$X$360),"") -> 23.256259 | AD95: =IFERROR(AVERAGEIF($N$61:$N$360,$P95,$Y$61:$Y$360),"") -> 2.8737897
A96: 2014-S37 | B96: 41890 | C96: =IF(OR($U$2,INDEX($U96:$Y96,$U$3)=""),"",INDEX($U96:$Y96,$U$3)) | D96: =SUMIFS(Historique!I$2:I$2107,Historique!$A$2:$A$2107,">="&$B96,Historique!$A$2:$A$2107,"<="&($B96+6),Historique!$H$2:$H$2107,"Oui") -> 18.7 | E96: =SUMIFS(Historique!J$2:J$2107,Historique!$A$2:$A$2107,">="&$B96,Historique!$A$2:$A$2107,"<="&($B96+6),Historique!$H$2:$H$2107,"Oui") -> 22.41 | F96: =SUMIFS(Historique!K$2:K$2107,Historique!$A$2:$A$2107,">="&$B96,Historique!$A$2:$A$2107,"<="&($B96+6),Historique!$H$2:$H$2107,"Oui") -> 22.4 | G96: =SUMIFS(Historique!L$2:L$2107,Historique!$A$2:$A$2107,">="&$B96,Historique!$A$2:$A$2107,"<="&($B96+6),Historique!$H$2:$H$2107,"Oui") -> 216.35 | H96: =SUMIFS(Historique!M$2:M$2107,Historique!$A$2:$A$2107,">="&$B96,Historique!$A$2:$A$2107,"<="&($B96+6),Historique!$H$2:$H$2107,"Oui") -> 104 | I96: =SUMIFS(Historique!N$2:N$2107,Historique!$A$2:$A$2107,">="&$B96,Historique!$A$2:$A$2107,"<="&($B96+6),Historique!$H$2:$H$2107,"Oui") -> 0 | J96: =SUMIFS(Historique!O$2:O$2107,Historique!$A$2:$A$2107,">="&$B96,Historique!$A$2:$A$2107,"<="&($B96+6),Historique!$H$2:$H$2107,"Oui") -> 28 | K96: =SUMIFS(Historique!P$2:P$2107,Historique!$A$2:$A$2107,">="&$B96,Historique!$A$2:$A$2107,"<="&($B96+6),Historique!$H$2:$H$2107,"Oui") -> 10.2 | L96: =SUM(D96:K96) -> 422.06 | N96: 37 | P96: 36 | R96: =IF($U$2,NA(),AVERAGEIF($N$61:$N$360,P96,$C$61:$C$360)) -> #N/A | S96: =AVERAGEIF($N$61:$N$360,P96,$L$61:$L$360) -> 387.98383 | U96: 12 | V96: 116 | W96: 2 | X96: 22.097143 | Y96: 3.7457143 | Z96: =IFERROR(AVERAGEIF($N$61:$N$360,$P96,$U$61:$U$360),"") -> 4.5 | AA96: =IFERROR(AVERAGEIF($N$61:$N$360,$P96,$V$61:$V$360),"") -> 89.666667 | AB96: =IFERROR(AVERAGEIF($N$61:$N$360,$P96,$W$61:$W$360),"") -> 3 | AC96: =IFERROR(AVERAGEIF($N$61:$N$360,$P96,$X$61:$X$360),"") -> 21.792585 | AD96: =IFERROR(AVERAGEIF($N$61:$N$360,$P96,$Y$61:$Y$360),"") -> 3.6120635
A97: 2014-S38 | B97: 41897 | C97: =IF(OR($U$2,INDEX($U97:$Y97,$U$3)=""),"",INDEX($U97:$Y97,$U$3)) | D97: =SUMIFS(Historique!I$2:I$2107,Historique!$A$2:$A$2107,">="&$B97,Historique!$A$2:$A$2107,"<="&($B97+6),Historique!$H$2:$H$2107,"Oui") -> 18.02 | E97: =SUMIFS(Historique!J$2:J$2107,Historique!$A$2:$A$2107,">="&$B97,Historique!$A$2:$A$2107,"<="&($B97+6),Historique!$H$2:$H$2107,"Oui") -> 22.915 | F97: =SUMIFS(Historique!K$2:K$2107,Historique!$A$2:$A$2107,">="&$B97,Historique!$A$2:$A$2107,"<="&($B97+6),Historique!$H$2:$H$2107,"Oui") -> 28.7 | G97: =SUMIFS(Historique!L$2:L$2107,Historique!$A$2:$A$2107,">="&$B97,Historique!$A$2:$A$2107,"<="&($B97+6),Historique!$H$2:$H$2107,"Oui") -> 227.1 | H97: =SUMIFS(Historique!M$2:M$2107,Historique!$A$2:$A$2107,">="&$B97,Historique!$A$2:$A$2107,"<="&($B97+6),Historique!$H$2:$H$2107,"Oui") -> 69 | I97: =SUMIFS(Historique!N$2:N$2107,Historique!$A$2:$A$2107,">="&$B97,Historique!$A$2:$A$2107,"<="&($B97+6),Historique!$H$2:$H$2107,"Oui") -> 3 | J97: =SUMIFS(Historique!O$2:O$2107,Historique!$A$2:$A$2107,">="&$B97,Historique!$A$2:$A$2107,"<="&($B97+6),Historique!$H$2:$H$2107,"Oui") -> 44 | K97: =SUMIFS(Historique!P$2:P$2107,Historique!$A$2:$A$2107,">="&$B97,Historique!$A$2:$A$2107,"<="&($B97+6),Historique!$H$2:$H$2107,"Oui") -> 8 | L97: =SUM(D97:K97) -> 420.735 | N97: 38 | P97: 37 | R97: =IF($U$2,NA(),AVERAGEIF($N$61:$N$360,P97,$C$61:$C$360)) -> #N/A | S97: =AVERAGEIF($N$61:$N$360,P97,$L$61:$L$360) -> 424.36783 | U97: 16 | V97: 126 | W97: 2 | X97: 21.711429 | Z97: =IFERROR(AVERAGEIF($N$61:$N$360,$P97,$U$61:$U$360),"") -> 9.8333333 | AA97: =IFERROR(AVERAGEIF($N$61:$N$360,$P97,$V$61:$V$360),"") -> 107.66667 | AB97: =IFERROR(AVERAGEIF($N$61:$N$360,$P97,$W$61:$W$360),"") -> 3 | AC97: =IFERROR(AVERAGEIF($N$61:$N$360,$P97,$X$61:$X$360),"") -> 20.533469 | AD97: =IFERROR(AVERAGEIF($N$61:$N$360,$P97,$Y$61:$Y$360),"") -> 4.5493571
A98: 2014-S39 | B98: 41904 | C98: =IF(OR($U$2,INDEX($U98:$Y98,$U$3)=""),"",INDEX($U98:$Y98,$U$3)) | D98: =SUMIFS(Historique!I$2:I$2107,Historique!$A$2:$A$2107,">="&$B98,Historique!$A$2:$A$2107,"<="&($B98+6),Historique!$H$2:$H$2107,"Oui") -> 25.36 | E98: =SUMIFS(Historique!J$2:J$2107,Historique!$A$2:$A$2107,">="&$B98,Historique!$A$2:$A$2107,"<="&($B98+6),Historique!$H$2:$H$2107,"Oui") -> 25.38 | F98: =SUMIFS(Historique!K$2:K$2107,Historique!$A$2:$A$2107,">="&$B98,Historique!$A$2:$A$2107,"<="&($B98+6),Historique!$H$2:$H$2107,"Oui") -> 31.1 | G98: =SUMIFS(Historique!L$2:L$2107,Historique!$A$2:$A$2107,">="&$B98,Historique!$A$2:$A$2107,"<="&($B98+6),Historique!$H$2:$H$2107,"Oui") -> 239.55 | H98: =SUMIFS(Historique!M$2:M$2107,Historique!$A$2:$A$2107,">="&$B98,Historique!$A$2:$A$2107,"<="&($B98+6),Historique!$H$2:$H$2107,"Oui") -> 95 | I98: =SUMIFS(Historique!N$2:N$2107,Historique!$A$2:$A$2107,">="&$B98,Historique!$A$2:$A$2107,"<="&($B98+6),Historique!$H$2:$H$2107,"Oui") -> 4 | J98: =SUMIFS(Historique!O$2:O$2107,Historique!$A$2:$A$2107,">="&$B98,Historique!$A$2:$A$2107,"<="&($B98+6),Historique!$H$2:$H$2107,"Oui") -> 2 | K98: =SUMIFS(Historique!P$2:P$2107,Historique!$A$2:$A$2107,">="&$B98,Historique!$A$2:$A$2107,"<="&($B98+6),Historique!$H$2:$H$2107,"Oui") -> 16 | L98: =SUM(D98:K98) -> 438.39 | N98: 39 | P98: 38 | R98: =IF($U$2,NA(),AVERAGEIF($N$61:$N$360,P98,$C$61:$C$360)) -> #N/A | S98: =AVERAGEIF($N$61:$N$360,P98,$L$61:$L$360) -> 420.1785 | U98: 13 | V98: 132 | W98: 5 | X98: 18.034286 | Y98: 0.8625 | Z98: =IFERROR(AVERAGEIF($N$61:$N$360,$P98,$U$61:$U$360),"") -> 12.333333 | AA98: =IFERROR(AVERAGEIF($N$61:$N$360,$P98,$V$61:$V$360),"") -> 109.33333 | AB98: =IFERROR(AVERAGEIF($N$61:$N$360,$P98,$W$61:$W$360),"") -> 4.3333333 | AC98: =IFERROR(AVERAGEIF($N$61:$N$360,$P98,$X$61:$X$360),"") -> 20.327075 | AD98: =IFERROR(AVERAGEIF($N$61:$N$360,$P98,$Y$61:$Y$360),"") -> 2.5540952
A99: 2014-S40 | B99: 41911 | C99: =IF(OR($U$2,INDEX($U99:$Y99,$U$3)=""),"",INDEX($U99:$Y99,$U$3)) | D99: =SUMIFS(Historique!I$2:I$2107,Historique!$A$2:$A$2107,">="&$B99,Historique!$A$2:$A$2107,"<="&($B99+6),Historique!$H$2:$H$2107,"Oui") -> 32.35 | E99: =SUMIFS(Historique!J$2:J$2107,Historique!$A$2:$A$2107,">="&$B99,Historique!$A$2:$A$2107,"<="&($B99+6),Historique!$H$2:$H$2107,"Oui") -> 26.456 | F99: =SUMIFS(Historique!K$2:K$2107,Historique!$A$2:$A$2107,">="&$B99,Historique!$A$2:$A$2107,"<="&($B99+6),Historique!$H$2:$H$2107,"Oui") -> 30.6 | G99: =SUMIFS(Historique!L$2:L$2107,Historique!$A$2:$A$2107,">="&$B99,Historique!$A$2:$A$2107,"<="&($B99+6),Historique!$H$2:$H$2107,"Oui") -> 272.04 | H99: =SUMIFS(Historique!M$2:M$2107,Historique!$A$2:$A$2107,">="&$B99,Historique!$A$2:$A$2107,"<="&($B99+6),Historique!$H$2:$H$2107,"Oui") -> 73 | I99: =SUMIFS(Historique!N$2:N$2107,Historique!$A$2:$A$2107,">="&$B99,Historique!$A$2:$A$2107,"<="&($B99+6),Historique!$H$2:$H$2107,"Oui") -> 3 | J99: =SUMIFS(Historique!O$2:O$2107,Historique!$A$2:$A$2107,">="&$B99,Historique!$A$2:$A$2107,"<="&($B99+6),Historique!$H$2:$H$2107,"Oui") -> 81 | K99: =SUMIFS(Historique!P$2:P$2107,Historique!$A$2:$A$2107,">="&$B99,Historique!$A$2:$A$2107,"<="&($B99+6),Historique!$H$2:$H$2107,"Oui") -> 14 | L99: =SUM(D99:K99) -> 532.446 | N99: 40 | P99: 39 | R99: =IF($U$2,NA(),AVERAGEIF($N$61:$N$360,P99,$C$61:$C$360)) -> #N/A | S99: =AVERAGEIF($N$61:$N$360,P99,$L$61:$L$360) -> 514.99878 | U99: 26 | V99: 128 | W99: 9 | X99: 19.282857 | Z99: =IFERROR(AVERAGEIF($N$61:$N$360,$P99,$U$61:$U$360),"") -> 14.5 | AA99: =IFERROR(AVERAGEIF($N$61:$N$360,$P99,$V$61:$V$360),"") -> 111.16667 | AB99: =IFERROR(AVERAGEIF($N$61:$N$360,$P99,$W$61:$W$360),"") -> 5 | AC99: =IFERROR(AVERAGEIF($N$61:$N$360,$P99,$X$61:$X$360),"") -> 18.543265 | AD99: =IFERROR(AVERAGEIF($N$61:$N$360,$P99,$Y$61:$Y$360),"") -> 1.7232143
A100: 2014-S41 | B100: 41918 | C100: =IF(OR($U$2,INDEX($U100:$Y100,$U$3)=""),"",INDEX($U100:$Y100,$U$3)) | D100: =SUMIFS(Historique!I$2:I$2107,Historique!$A$2:$A$2107,">="&$B100,Historique!$A$2:$A$2107,"<="&($B100+6),Historique!$H$2:$H$2107,"Oui") -> 23.7 | E100: =SUMIFS(Historique!J$2:J$2107,Historique!$A$2:$A$2107,">="&$B100,Historique!$A$2:$A$2107,"<="&($B100+6),Historique!$H$2:$H$2107,"Oui") -> 23.085 | F100: =SUMIFS(Historique!K$2:K$2107,Historique!$A$2:$A$2107,">="&$B100,Historique!$A$2:$A$2107,"<="&($B100+6),Historique!$H$2:$H$2107,"Oui") -> 33.1 | G100: =SUMIFS(Historique!L$2:L$2107,Historique!$A$2:$A$2107,">="&$B100,Historique!$A$2:$A$2107,"<="&($B100+6),Historique!$H$2:$H$2107,"Oui") -> 296.975 | H100: =SUMIFS(Historique!M$2:M$2107,Historique!$A$2:$A$2107,">="&$B100,Historique!$A$2:$A$2107,"<="&($B100+6),Historique!$H$2:$H$2107,"Oui") -> 103 | I100: =SUMIFS(Historique!N$2:N$2107,Historique!$A$2:$A$2107,">="&$B100,Historique!$A$2:$A$2107,"<="&($B100+6),Historique!$H$2:$H$2107,"Oui") -> 7 | J100: =SUMIFS(Historique!O$2:O$2107,Historique!$A$2:$A$2107,">="&$B100,Historique!$A$2:$A$2107,"<="&($B100+6),Historique!$H$2:$H$2107,"Oui") -> 21 | K100: =SUMIFS(Historique!P$2:P$2107,Historique!$A$2:$A$2107,">="&$B100,Historique!$A$2:$A$2107,"<="&($B100+6),Historique!$H$2:$H$2107,"Oui") -> 10.5 | L100: =SUM(D100:K100) -> 518.36 | N100: 41 | P100: 40 | Q100: Octo. | R100: =IF($U$2,NA(),AVERAGEIF($N$61:$N$360,P100,$C$61:$C$360)) -> #N/A | S100: =AVERAGEIF($N$61:$N$360,P100,$L$61:$L$360) -> 503.00767 | U100: 35 | V100: 137 | W100: 12 | X100: 19.891429 | Z100: =IFERROR(AVERAGEIF($N$61:$N$360,$P100,$U$61:$U$360),"") -> 18.5 | AA100: =IFERROR(AVERAGEIF($N$61:$N$360,$P100,$V$61:$V$360),"") -> 118.66667 | AB100: =IFERROR(AVERAGEIF($N$61:$N$360,$P100,$W$61:$W$360),"") -> 7.8333333 | AC100: =IFERROR(AVERAGEIF($N$61:$N$360,$P100,$X$61:$X$360),"") -> 17.416395 | AD100: =IFERROR(AVERAGEIF($N$61:$N$360,$P100,$Y$61:$Y$360),"") -> 1.6457143
A101: 2014-S42 | B101: 41925 | C101: =IF(OR($U$2,INDEX($U101:$Y101,$U$3)=""),"",INDEX($U101:$Y101,$U$3)) | D101: =SUMIFS(Historique!I$2:I$2107,Historique!$A$2:$A$2107,">="&$B101,Historique!$A$2:$A$2107,"<="&($B101+6),Historique!$H$2:$H$2107,"Oui") -> 20.34 | E101: =SUMIFS(Historique!J$2:J$2107,Historique!$A$2:$A$2107,">="&$B101,Historique!$A$2:$A$2107,"<="&($B101+6),Historique!$H$2:$H$2107,"Oui") -> 31.09 | F101: =SUMIFS(Historique!K$2:K$2107,Historique!$A$2:$A$2107,">="&$B101,Historique!$A$2:$A$2107,"<="&($B101+6),Historique!$H$2:$H$2107,"Oui") -> 30.4 | G101: =SUMIFS(Historique!L$2:L$2107,Historique!$A$2:$A$2107,">="&$B101,Historique!$A$2:$A$2107,"<="&($B101+6),Historique!$H$2:$H$2107,"Oui") -> 196.9 | H101: =SUMIFS(Historique!M$2:M$2107,Historique!$A$2:$A$2107,">="&$B101,Historique!$A$2:$A$2107,"<="&($B101+6),Historique!$H$2:$H$2107,"Oui") -> 94 | I101: =SUMIFS(Historique!N$2:N$2107,Historique!$A$2:$A$2107,">="&$B101,Historique!$A$2:$A$2107,"<="&($B101+6),Historique!$H$2:$H$2107,"Oui") -> 4 | J101: =SUMIFS(Historique!O$2:O$2107,Historique!$A$2:$A$2107,">="&$B101,Historique!$A$2:$A$2107,"<="&($B101+6),Historique!$H$2:$H$2107,"Oui") -> 25 | K101: =SUMIFS(Historique!P$2:P$2107,Historique!$A$2:$A$2107,">="&$B101,Historique!$A$2:$A$2107,"<="&($B101+6),Historique!$H$2:$H$2107,"Oui") -> 13.3 | L101: =SUM(D101:K101) -> 415.03 | N101: 42 | P101: 41 | R101: =IF($U$2,NA(),AVERAGEIF($N$61:$N$360,P101,$C$61:$C$360)) -> #N/A | S101: =AVERAGEIF($N$61:$N$360,P101,$L$61:$L$360) -> 548.24527 | U101: 34 | V101: 143 | W101: 12 | X101: 19.854286 | Z101: =IFERROR(AVERAGEIF($N$61:$N$360,$P101,$U$61:$U$360),"") -> 21.6 | AA101: =IFERROR(AVERAGEIF($N$61:$N$360,$P101,$V$61:$V$360),"") -> 124.8 | AB101: =IFERROR(AVERAGEIF($N$61:$N$360,$P101,$W$61:$W$360),"") -> 8.4 | AC101: =IFERROR(AVERAGEIF($N$61:$N$360,$P101,$X$61:$X$360),"") -> 17.320898 | AD101: =IFERROR(AVERAGEIF($N$61:$N$360,$P101,$Y$61:$Y$360),"") -> 1.5582857
A102: 2014-S43 | B102: 41932 | C102: =IF(OR($U$2,INDEX($U102:$Y102,$U$3)=""),"",INDEX($U102:$Y102,$U$3)) | D102: =SUMIFS(Historique!I$2:I$2107,Historique!$A$2:$A$2107,">="&$B102,Historique!$A$2:$A$2107,"<="&($B102+6),Historique!$H$2:$H$2107,"Oui") -> 19.69 | E102: =SUMIFS(Historique!J$2:J$2107,Historique!$A$2:$A$2107,">="&$B102,Historique!$A$2:$A$2107,"<="&($B102+6),Historique!$H$2:$H$2107,"Oui") -> 25.14 | F102: =SUMIFS(Historique!K$2:K$2107,Historique!$A$2:$A$2107,">="&$B102,Historique!$A$2:$A$2107,"<="&($B102+6),Historique!$H$2:$H$2107,"Oui") -> 25.2 | G102: =SUMIFS(Historique!L$2:L$2107,Historique!$A$2:$A$2107,">="&$B102,Historique!$A$2:$A$2107,"<="&($B102+6),Historique!$H$2:$H$2107,"Oui") -> 213.6 | H102: =SUMIFS(Historique!M$2:M$2107,Historique!$A$2:$A$2107,">="&$B102,Historique!$A$2:$A$2107,"<="&($B102+6),Historique!$H$2:$H$2107,"Oui") -> 95 | I102: =SUMIFS(Historique!N$2:N$2107,Historique!$A$2:$A$2107,">="&$B102,Historique!$A$2:$A$2107,"<="&($B102+6),Historique!$H$2:$H$2107,"Oui") -> 3 | J102: =SUMIFS(Historique!O$2:O$2107,Historique!$A$2:$A$2107,">="&$B102,Historique!$A$2:$A$2107,"<="&($B102+6),Historique!$H$2:$H$2107,"Oui") -> 30 | K102: =SUMIFS(Historique!P$2:P$2107,Historique!$A$2:$A$2107,">="&$B102,Historique!$A$2:$A$2107,"<="&($B102+6),Historique!$H$2:$H$2107,"Oui") -> 10 | L102: =SUM(D102:K102) -> 421.63 | N102: 43 | P102: 42 | R102: =IF($U$2,NA(),AVERAGEIF($N$61:$N$360,P102,$C$61:$C$360)) -> #N/A | S102: =AVERAGEIF($N$61:$N$360,P102,$L$61:$L$360) -> 498.99813 | U102: 25 | V102: 123 | W102: 15 | X102: 16.714286 | Z102: =IFERROR(AVERAGEIF($N$61:$N$360,$P102,$U$61:$U$360),"") -> 22 | AA102: =IFERROR(AVERAGEIF($N$61:$N$360,$P102,$V$61:$V$360),"") -> 126.2 | AB102: =IFERROR(AVERAGEIF($N$61:$N$360,$P102,$W$61:$W$360),"") -> 9.4 | AC102: =IFERROR(AVERAGEIF($N$61:$N$360,$P102,$X$61:$X$360),"") -> 16.080082 | AD102: =IFERROR(AVERAGEIF($N$61:$N$360,$P102,$Y$61:$Y$360),"") -> 0.66
A103: 2014-S44 | B103: 41939 | C103: =IF(OR($U$2,INDEX($U103:$Y103,$U$3)=""),"",INDEX($U103:$Y103,$U$3)) | D103: =SUMIFS(Historique!I$2:I$2107,Historique!$A$2:$A$2107,">="&$B103,Historique!$A$2:$A$2107,"<="&($B103+6),Historique!$H$2:$H$2107,"Oui") -> 25.67 | E103: =SUMIFS(Historique!J$2:J$2107,Historique!$A$2:$A$2107,">="&$B103,Historique!$A$2:$A$2107,"<="&($B103+6),Historique!$H$2:$H$2107,"Oui") -> 14.82 | F103: =SUMIFS(Historique!K$2:K$2107,Historique!$A$2:$A$2107,">="&$B103,Historique!$A$2:$A$2107,"<="&($B103+6),Historique!$H$2:$H$2107,"Oui") -> 34.1 | G103: =SUMIFS(Historique!L$2:L$2107,Historique!$A$2:$A$2107,">="&$B103,Historique!$A$2:$A$2107,"<="&($B103+6),Historique!$H$2:$H$2107,"Oui") -> 203.8 | H103: =SUMIFS(Historique!M$2:M$2107,Historique!$A$2:$A$2107,">="&$B103,Historique!$A$2:$A$2107,"<="&($B103+6),Historique!$H$2:$H$2107,"Oui") -> 112.5 | I103: =SUMIFS(Historique!N$2:N$2107,Historique!$A$2:$A$2107,">="&$B103,Historique!$A$2:$A$2107,"<="&($B103+6),Historique!$H$2:$H$2107,"Oui") -> 4 | J103: =SUMIFS(Historique!O$2:O$2107,Historique!$A$2:$A$2107,">="&$B103,Historique!$A$2:$A$2107,"<="&($B103+6),Historique!$H$2:$H$2107,"Oui") -> 39 | K103: =SUMIFS(Historique!P$2:P$2107,Historique!$A$2:$A$2107,">="&$B103,Historique!$A$2:$A$2107,"<="&($B103+6),Historique!$H$2:$H$2107,"Oui") -> 7 | L103: =SUM(D103:K103) -> 440.89 | N103: 44 | P103: 43 | R103: =IF($U$2,NA(),AVERAGEIF($N$61:$N$360,P103,$C$61:$C$360)) -> #N/A | S103: =AVERAGEIF($N$61:$N$360,P103,$L$61:$L$360) -> 518.8804 | U103: 24 | V103: 128 | W103: 12 | X103: 14.511429 | Z103: =IFERROR(AVERAGEIF($N$61:$N$360,$P103,$U$61:$U$360),"") -> 17.2 | AA103: =IFERROR(AVERAGEIF($N$61:$N$360,$P103,$V$61:$V$360),"") -> 106.6 | AB103: =IFERROR(AVERAGEIF($N$61:$N$360,$P103,$W$61:$W$360),"") -> 13.2 | AC103: =IFERROR(AVERAGEIF($N$61:$N$360,$P103,$X$61:$X$360),"") -> 15.252898 | AD103: =IFERROR(AVERAGEIF($N$61:$N$360,$P103,$Y$61:$Y$360),"") -> 0.20571429
A104: 2014-S45 | B104: 41946 | C104: =IF(OR($U$2,INDEX($U104:$Y104,$U$3)=""),"",INDEX($U104:$Y104,$U$3)) | D104: =SUMIFS(Historique!I$2:I$2107,Historique!$A$2:$A$2107,">="&$B104,Historique!$A$2:$A$2107,"<="&($B104+6),Historique!$H$2:$H$2107,"Oui") -> 40.67 | E104: =SUMIFS(Historique!J$2:J$2107,Historique!$A$2:$A$2107,">="&$B104,Historique!$A$2:$A$2107,"<="&($B104+6),Historique!$H$2:$H$2107,"Oui") -> 31.05 | F104: =SUMIFS(Historique!K$2:K$2107,Historique!$A$2:$A$2107,">="&$B104,Historique!$A$2:$A$2107,"<="&($B104+6),Historique!$H$2:$H$2107,"Oui") -> 29.8 | G104: =SUMIFS(Historique!L$2:L$2107,Historique!$A$2:$A$2107,">="&$B104,Historique!$A$2:$A$2107,"<="&($B104+6),Historique!$H$2:$H$2107,"Oui") -> 177.9 | H104: =SUMIFS(Historique!M$2:M$2107,Historique!$A$2:$A$2107,">="&$B104,Historique!$A$2:$A$2107,"<="&($B104+6),Historique!$H$2:$H$2107,"Oui") -> 152 | I104: =SUMIFS(Historique!N$2:N$2107,Historique!$A$2:$A$2107,">="&$B104,Historique!$A$2:$A$2107,"<="&($B104+6),Historique!$H$2:$H$2107,"Oui") -> 5 | J104: =SUMIFS(Historique!O$2:O$2107,Historique!$A$2:$A$2107,">="&$B104,Historique!$A$2:$A$2107,"<="&($B104+6),Historique!$H$2:$H$2107,"Oui") -> 25 | K104: =SUMIFS(Historique!P$2:P$2107,Historique!$A$2:$A$2107,">="&$B104,Historique!$A$2:$A$2107,"<="&($B104+6),Historique!$H$2:$H$2107,"Oui") -> 6.2 | L104: =SUM(D104:K104) -> 467.62 | N104: 45 | P104: 44 | Q104: Nove. | R104: =IF($U$2,NA(),AVERAGEIF($N$61:$N$360,P104,$C$61:$C$360)) -> #N/A | S104: =AVERAGEIF($N$61:$N$360,P104,$L$61:$L$360) -> 459.44973 | U104: 25 | V104: 136 | W104: 8 | X104: 12.988571 | Z104: =IFERROR(AVERAGEIF($N$61:$N$360,$P104,$U$61:$U$360),"") -> 18.6 | AA104: =IFERROR(AVERAGEIF($N$61:$N$360,$P104,$V$61:$V$360),"") -> 111.8 | AB104: =IFERROR(AVERAGEIF($N$61:$N$360,$P104,$W$61:$W$360),"") -> 11.2 | AC104: =IFERROR(AVERAGEIF($N$61:$N$360,$P104,$X$61:$X$360),"") -> 13.407837 | AD104: =IFERROR(AVERAGEIF($N$61:$N$360,$P104,$Y$61:$Y$360),"") -> 0.59142857
A105: 2014-S46 | B105: 41953 | C105: =IF(OR($U$2,INDEX($U105:$Y105,$U$3)=""),"",INDEX($U105:$Y105,$U$3)) | D105: =SUMIFS(Historique!I$2:I$2107,Historique!$A$2:$A$2107,">="&$B105,Historique!$A$2:$A$2107,"<="&($B105+6),Historique!$H$2:$H$2107,"Oui") -> 31.67 | E105: =SUMIFS(Historique!J$2:J$2107,Historique!$A$2:$A$2107,">="&$B105,Historique!$A$2:$A$2107,"<="&($B105+6),Historique!$H$2:$H$2107,"Oui") -> 24.34 | F105: =SUMIFS(Historique!K$2:K$2107,Historique!$A$2:$A$2107,">="&$B105,Historique!$A$2:$A$2107,"<="&($B105+6),Historique!$H$2:$H$2107,"Oui") -> 31.3 | G105: =SUMIFS(Historique!L$2:L$2107,Historique!$A$2:$A$2107,">="&$B105,Historique!$A$2:$A$2107,"<="&($B105+6),Historique!$H$2:$H$2107,"Oui") -> 177.1 | H105: =SUMIFS(Historique!M$2:M$2107,Historique!$A$2:$A$2107,">="&$B105,Historique!$A$2:$A$2107,"<="&($B105+6),Historique!$H$2:$H$2107,"Oui") -> 110 | I105: =SUMIFS(Historique!N$2:N$2107,Historique!$A$2:$A$2107,">="&$B105,Historique!$A$2:$A$2107,"<="&($B105+6),Historique!$H$2:$H$2107,"Oui") -> 4 | J105: =SUMIFS(Historique!O$2:O$2107,Historique!$A$2:$A$2107,">="&$B105,Historique!$A$2:$A$2107,"<="&($B105+6),Historique!$H$2:$H$2107,"Oui") -> 22 | K105: =SUMIFS(Historique!P$2:P$2107,Historique!$A$2:$A$2107,">="&$B105,Historique!$A$2:$A$2107,"<="&($B105+6),Historique!$H$2:$H$2107,"Oui") -> 10.2 | L105: =SUM(D105:K105) -> 410.61 | N105: 46 | P105: 45 | R105: =IF($U$2,NA(),AVERAGEIF($N$61:$N$360,P105,$C$61:$C$360)) -> #N/A | S105: =AVERAGEIF($N$61:$N$360,P105,$L$61:$L$360) -> 484.41073 | U105: 23 | V105: 133 | W105: 4 | X105: 13.197143 | Z105: =IFERROR(AVERAGEIF($N$61:$N$360,$P105,$U$61:$U$360),"") -> 21.8 | AA105: =IFERROR(AVERAGEIF($N$61:$N$360,$P105,$V$61:$V$360),"") -> 135.6 | AB105: =IFERROR(AVERAGEIF($N$61:$N$360,$P105,$W$61:$W$360),"") -> 9 | AC105: =IFERROR(AVERAGEIF($N$61:$N$360,$P105,$X$61:$X$360),"") -> 12.274367 | AD105: =IFERROR(AVERAGEIF($N$61:$N$360,$P105,$Y$61:$Y$360),"") -> 0.54
A106: 2014-S47 | B106: 41960 | C106: =IF(OR($U$2,INDEX($U106:$Y106,$U$3)=""),"",INDEX($U106:$Y106,$U$3)) | D106: =SUMIFS(Historique!I$2:I$2107,Historique!$A$2:$A$2107,">="&$B106,Historique!$A$2:$A$2107,"<="&($B106+6),Historique!$H$2:$H$2107,"Oui") -> 28.35 | E106: =SUMIFS(Historique!J$2:J$2107,Historique!$A$2:$A$2107,">="&$B106,Historique!$A$2:$A$2107,"<="&($B106+6),Historique!$H$2:$H$2107,"Oui") -> 25.04 | F106: =SUMIFS(Historique!K$2:K$2107,Historique!$A$2:$A$2107,">="&$B106,Historique!$A$2:$A$2107,"<="&($B106+6),Historique!$H$2:$H$2107,"Oui") -> 37.5 | G106: =SUMIFS(Historique!L$2:L$2107,Historique!$A$2:$A$2107,">="&$B106,Historique!$A$2:$A$2107,"<="&($B106+6),Historique!$H$2:$H$2107,"Oui") -> 161.5 | H106: =SUMIFS(Historique!M$2:M$2107,Historique!$A$2:$A$2107,">="&$B106,Historique!$A$2:$A$2107,"<="&($B106+6),Historique!$H$2:$H$2107,"Oui") -> 105.5 | I106: =SUMIFS(Historique!N$2:N$2107,Historique!$A$2:$A$2107,">="&$B106,Historique!$A$2:$A$2107,"<="&($B106+6),Historique!$H$2:$H$2107,"Oui") -> 3 | J106: =SUMIFS(Historique!O$2:O$2107,Historique!$A$2:$A$2107,">="&$B106,Historique!$A$2:$A$2107,"<="&($B106+6),Historique!$H$2:$H$2107,"Oui") -> 38 | K106: =SUMIFS(Historique!P$2:P$2107,Historique!$A$2:$A$2107,">="&$B106,Historique!$A$2:$A$2107,"<="&($B106+6),Historique!$H$2:$H$2107,"Oui") -> 8.7 | L106: =SUM(D106:K106) -> 407.59 | N106: 47 | P106: 46 | R106: =IF($U$2,NA(),AVERAGEIF($N$61:$N$360,P106,$C$61:$C$360)) -> #N/A | S106: =AVERAGEIF($N$61:$N$360,P106,$L$61:$L$360) -> 449.737 | U106: 28 | V106: 164 | W106: 7 | X106: 12.494286 | Z106: =IFERROR(AVERAGEIF($N$61:$N$360,$P106,$U$61:$U$360),"") -> 22.6 | AA106: =IFERROR(AVERAGEIF($N$61:$N$360,$P106,$V$61:$V$360),"") -> 141.6 | AB106: =IFERROR(AVERAGEIF($N$61:$N$360,$P106,$W$61:$W$360),"") -> 8.2 | AC106: =IFERROR(AVERAGEIF($N$61:$N$360,$P106,$X$61:$X$360),"") -> 12.199429 | AD106: =IFERROR(AVERAGEIF($N$61:$N$360,$P106,$Y$61:$Y$360),"") -> 1.455
A107: 2014-S48 | B107: 41967 | C107: =IF(OR($U$2,INDEX($U107:$Y107,$U$3)=""),"",INDEX($U107:$Y107,$U$3)) | D107: =SUMIFS(Historique!I$2:I$2107,Historique!$A$2:$A$2107,">="&$B107,Historique!$A$2:$A$2107,"<="&($B107+6),Historique!$H$2:$H$2107,"Oui") -> 31.06 | E107: =SUMIFS(Historique!J$2:J$2107,Historique!$A$2:$A$2107,">="&$B107,Historique!$A$2:$A$2107,"<="&($B107+6),Historique!$H$2:$H$2107,"Oui") -> 18.09 | F107: =SUMIFS(Historique!K$2:K$2107,Historique!$A$2:$A$2107,">="&$B107,Historique!$A$2:$A$2107,"<="&($B107+6),Historique!$H$2:$H$2107,"Oui") -> 39.6 | G107: =SUMIFS(Historique!L$2:L$2107,Historique!$A$2:$A$2107,">="&$B107,Historique!$A$2:$A$2107,"<="&($B107+6),Historique!$H$2:$H$2107,"Oui") -> 161.5 | H107: =SUMIFS(Historique!M$2:M$2107,Historique!$A$2:$A$2107,">="&$B107,Historique!$A$2:$A$2107,"<="&($B107+6),Historique!$H$2:$H$2107,"Oui") -> 96 | I107: =SUMIFS(Historique!N$2:N$2107,Historique!$A$2:$A$2107,">="&$B107,Historique!$A$2:$A$2107,"<="&($B107+6),Historique!$H$2:$H$2107,"Oui") -> 7 | J107: =SUMIFS(Historique!O$2:O$2107,Historique!$A$2:$A$2107,">="&$B107,Historique!$A$2:$A$2107,"<="&($B107+6),Historique!$H$2:$H$2107,"Oui") -> 20 | K107: =SUMIFS(Historique!P$2:P$2107,Historique!$A$2:$A$2107,">="&$B107,Historique!$A$2:$A$2107,"<="&($B107+6),Historique!$H$2:$H$2107,"Oui") -> 18.1 | L107: =SUM(D107:K107) -> 391.35 | N107: 48 | P107: 47 | R107: =IF($U$2,NA(),AVERAGEIF($N$61:$N$360,P107,$C$61:$C$360)) -> #N/A | S107: =AVERAGEIF($N$61:$N$360,P107,$L$61:$L$360) -> 431.9854 | U107: 44 | V107: 165 | W107: 6 | X107: 14.457143 | Z107: =IFERROR(AVERAGEIF($N$61:$N$360,$P107,$U$61:$U$360),"") -> 29.4 | AA107: =IFERROR(AVERAGEIF($N$61:$N$360,$P107,$V$61:$V$360),"") -> 154.8 | AB107: =IFERROR(AVERAGEIF($N$61:$N$360,$P107,$W$61:$W$360),"") -> 11 | AC107: =IFERROR(AVERAGEIF($N$61:$N$360,$P107,$X$61:$X$360),"") -> 11.920571 | AD107: =IFERROR(AVERAGEIF($N$61:$N$360,$P107,$Y$61:$Y$360),"") -> 1.08
A108: 2014-S49 | B108: 41974 | C108: =IF(OR($U$2,INDEX($U108:$Y108,$U$3)=""),"",INDEX($U108:$Y108,$U$3)) | D108: =SUMIFS(Historique!I$2:I$2107,Historique!$A$2:$A$2107,">="&$B108,Historique!$A$2:$A$2107,"<="&($B108+6),Historique!$H$2:$H$2107,"Oui") -> 28.69 | E108: =SUMIFS(Historique!J$2:J$2107,Historique!$A$2:$A$2107,">="&$B108,Historique!$A$2:$A$2107,"<="&($B108+6),Historique!$H$2:$H$2107,"Oui") -> 30.281 | F108: =SUMIFS(Historique!K$2:K$2107,Historique!$A$2:$A$2107,">="&$B108,Historique!$A$2:$A$2107,"<="&($B108+6),Historique!$H$2:$H$2107,"Oui") -> 18.3 | G108: =SUMIFS(Historique!L$2:L$2107,Historique!$A$2:$A$2107,">="&$B108,Historique!$A$2:$A$2107,"<="&($B108+6),Historique!$H$2:$H$2107,"Oui") -> 175.7 | H108: =SUMIFS(Historique!M$2:M$2107,Historique!$A$2:$A$2107,">="&$B108,Historique!$A$2:$A$2107,"<="&($B108+6),Historique!$H$2:$H$2107,"Oui") -> 114 | I108: =SUMIFS(Historique!N$2:N$2107,Historique!$A$2:$A$2107,">="&$B108,Historique!$A$2:$A$2107,"<="&($B108+6),Historique!$H$2:$H$2107,"Oui") -> 4 | J108: =SUMIFS(Historique!O$2:O$2107,Historique!$A$2:$A$2107,">="&$B108,Historique!$A$2:$A$2107,"<="&($B108+6),Historique!$H$2:$H$2107,"Oui") -> 40 | K108: =SUMIFS(Historique!P$2:P$2107,Historique!$A$2:$A$2107,">="&$B108,Historique!$A$2:$A$2107,"<="&($B108+6),Historique!$H$2:$H$2107,"Oui") -> 9.4 | L108: =SUM(D108:K108) -> 420.371 | N108: 49 | P108: 48 | Q108: Déce. | R108: =IF($U$2,NA(),AVERAGEIF($N$61:$N$360,P108,$C$61:$C$360)) -> #N/A | S108: =AVERAGEIF($N$61:$N$360,P108,$L$61:$L$360) -> 441.459 | U108: 52 | V108: 203 | W108: 10 | X108: 7.9285714 | Z108: =IFERROR(AVERAGEIF($N$61:$N$360,$P108,$U$61:$U$360),"") -> 43.8 | AA108: =IFERROR(AVERAGEIF($N$61:$N$360,$P108,$V$61:$V$360),"") -> 163.4 | AB108: =IFERROR(AVERAGEIF($N$61:$N$360,$P108,$W$61:$W$360),"") -> 10.4 | AC108: =IFERROR(AVERAGEIF($N$61:$N$360,$P108,$X$61:$X$360),"") -> 8.7614694 | AD108: =IFERROR(AVERAGEIF($N$61:$N$360,$P108,$Y$61:$Y$360),"")
A109: 2014-S50 | B109: 41981 | C109: =IF(OR($U$2,INDEX($U109:$Y109,$U$3)=""),"",INDEX($U109:$Y109,$U$3)) | D109: =SUMIFS(Historique!I$2:I$2107,Historique!$A$2:$A$2107,">="&$B109,Historique!$A$2:$A$2107,"<="&($B109+6),Historique!$H$2:$H$2107,"Oui") -> 25.02 | E109: =SUMIFS(Historique!J$2:J$2107,Historique!$A$2:$A$2107,">="&$B109,Historique!$A$2:$A$2107,"<="&($B109+6),Historique!$H$2:$H$2107,"Oui") -> 22.02 | F109: =SUMIFS(Historique!K$2:K$2107,Historique!$A$2:$A$2107,">="&$B109,Historique!$A$2:$A$2107,"<="&($B109+6),Historique!$H$2:$H$2107,"Oui") -> 30.4 | G109: =SUMIFS(Historique!L$2:L$2107,Historique!$A$2:$A$2107,">="&$B109,Historique!$A$2:$A$2107,"<="&($B109+6),Historique!$H$2:$H$2107,"Oui") -> 221.58 | H109: =SUMIFS(Historique!M$2:M$2107,Historique!$A$2:$A$2107,">="&$B109,Historique!$A$2:$A$2107,"<="&($B109+6),Historique!$H$2:$H$2107,"Oui") -> 109 | I109: =SUMIFS(Historique!N$2:N$2107,Historique!$A$2:$A$2107,">="&$B109,Historique!$A$2:$A$2107,"<="&($B109+6),Historique!$H$2:$H$2107,"Oui") -> 7 | J109: =SUMIFS(Historique!O$2:O$2107,Historique!$A$2:$A$2107,">="&$B109,Historique!$A$2:$A$2107,"<="&($B109+6),Historique!$H$2:$H$2107,"Oui") -> 21 | K109: =SUMIFS(Historique!P$2:P$2107,Historique!$A$2:$A$2107,">="&$B109,Historique!$A$2:$A$2107,"<="&($B109+6),Historique!$H$2:$H$2107,"Oui") -> 3 | L109: =SUM(D109:K109) -> 439.02 | N109: 50 | P109: 49 | R109: =IF($U$2,NA(),AVERAGEIF($N$61:$N$360,P109,$C$61:$C$360)) -> #N/A | S109: =AVERAGEIF($N$61:$N$360,P109,$L$61:$L$360) -> 477.623 | U109: 66 | V109: 223 | W109: 19 | X109: 8.8914286 | Z109: =IFERROR(AVERAGEIF($N$61:$N$360,$P109,$U$61:$U$360),"") -> 66 | AA109: =IFERROR(AVERAGEIF($N$61:$N$360,$P109,$V$61:$V$360),"") -> 183.4 | AB109: =IFERROR(AVERAGEIF($N$61:$N$360,$P109,$W$61:$W$360),"") -> 14.8 | AC109: =IFERROR(AVERAGEIF($N$61:$N$360,$P109,$X$61:$X$360),"") -> 9.0080816 | AD109: =IFERROR(AVERAGEIF($N$61:$N$360,$P109,$Y$61:$Y$360),"")
A110: 2014-S51 | B110: 41988 | C110: =IF(OR($U$2,INDEX($U110:$Y110,$U$3)=""),"",INDEX($U110:$Y110,$U$3)) | D110: =SUMIFS(Historique!I$2:I$2107,Historique!$A$2:$A$2107,">="&$B110,Historique!$A$2:$A$2107,"<="&($B110+6),Historique!$H$2:$H$2107,"Oui") -> 37.01 | E110: =SUMIFS(Historique!J$2:J$2107,Historique!$A$2:$A$2107,">="&$B110,Historique!$A$2:$A$2107,"<="&($B110+6),Historique!$H$2:$H$2107,"Oui") -> 29.591 | F110: =SUMIFS(Historique!K$2:K$2107,Historique!$A$2:$A$2107,">="&$B110,Historique!$A$2:$A$2107,"<="&($B110+6),Historique!$H$2:$H$2107,"Oui") -> 26.54 | G110: =SUMIFS(Historique!L$2:L$2107,Historique!$A$2:$A$2107,">="&$B110,Historique!$A$2:$A$2107,"<="&($B110+6),Historique!$H$2:$H$2107,"Oui") -> 224.1 | H110: =SUMIFS(Historique!M$2:M$2107,Historique!$A$2:$A$2107,">="&$B110,Historique!$A$2:$A$2107,"<="&($B110+6),Historique!$H$2:$H$2107,"Oui") -> 111 | I110: =SUMIFS(Historique!N$2:N$2107,Historique!$A$2:$A$2107,">="&$B110,Historique!$A$2:$A$2107,"<="&($B110+6),Historique!$H$2:$H$2107,"Oui") -> 7 | J110: =SUMIFS(Historique!O$2:O$2107,Historique!$A$2:$A$2107,">="&$B110,Historique!$A$2:$A$2107,"<="&($B110+6),Historique!$H$2:$H$2107,"Oui") -> 31 | K110: =SUMIFS(Historique!P$2:P$2107,Historique!$A$2:$A$2107,">="&$B110,Historique!$A$2:$A$2107,"<="&($B110+6),Historique!$H$2:$H$2107,"Oui") -> 8 | L110: =SUM(D110:K110) -> 474.241 | N110: 51 | P110: 50 | R110: =IF($U$2,NA(),AVERAGEIF($N$61:$N$360,P110,$C$61:$C$360)) -> #N/A | S110: =AVERAGEIF($N$61:$N$360,P110,$L$61:$L$360) -> 486.24987 | U110: 71 | V110: 216 | W110: 21 | X110: 11.911429 | Z110: =IFERROR(AVERAGEIF($N$61:$N$360,$P110,$U$61:$U$360),"") -> 108 | AA110: =IFERROR(AVERAGEIF($N$61:$N$360,$P110,$V$61:$V$360),"") -> 185.2 | AB110: =IFERROR(AVERAGEIF($N$61:$N$360,$P110,$W$61:$W$360),"") -> 17.8 | AC110: =IFERROR(AVERAGEIF($N$61:$N$360,$P110,$X$61:$X$360),"") -> 8.1862041 | AD110: =IFERROR(AVERAGEIF($N$61:$N$360,$P110,$Y$61:$Y$360),"")
A111: 2014-S52 | B111: 41995 | C111: =IF(OR($U$2,INDEX($U111:$Y111,$U$3)=""),"",INDEX($U111:$Y111,$U$3)) | D111: =SUMIFS(Historique!I$2:I$2107,Historique!$A$2:$A$2107,">="&$B111,Historique!$A$2:$A$2107,"<="&($B111+6),Historique!$H$2:$H$2107,"Oui") -> 36.18 | E111: =SUMIFS(Historique!J$2:J$2107,Historique!$A$2:$A$2107,">="&$B111,Historique!$A$2:$A$2107,"<="&($B111+6),Historique!$H$2:$H$2107,"Oui") -> 32.79 | F111: =SUMIFS(Historique!K$2:K$2107,Historique!$A$2:$A$2107,">="&$B111,Historique!$A$2:$A$2107,"<="&($B111+6),Historique!$H$2:$H$2107,"Oui") -> 27.784 | G111: =SUMIFS(Historique!L$2:L$2107,Historique!$A$2:$A$2107,">="&$B111,Historique!$A$2:$A$2107,"<="&($B111+6),Historique!$H$2:$H$2107,"Oui") -> 282.7 | H111: =SUMIFS(Historique!M$2:M$2107,Historique!$A$2:$A$2107,">="&$B111,Historique!$A$2:$A$2107,"<="&($B111+6),Historique!$H$2:$H$2107,"Oui") -> 154 | I111: =SUMIFS(Historique!N$2:N$2107,Historique!$A$2:$A$2107,">="&$B111,Historique!$A$2:$A$2107,"<="&($B111+6),Historique!$H$2:$H$2107,"Oui") -> 4 | J111: =SUMIFS(Historique!O$2:O$2107,Historique!$A$2:$A$2107,">="&$B111,Historique!$A$2:$A$2107,"<="&($B111+6),Historique!$H$2:$H$2107,"Oui") -> 54 | K111: =SUMIFS(Historique!P$2:P$2107,Historique!$A$2:$A$2107,">="&$B111,Historique!$A$2:$A$2107,"<="&($B111+6),Historique!$H$2:$H$2107,"Oui") -> 12 | L111: =SUM(D111:K111) -> 603.454 | N111: 52 | P111: 51 | R111: =IF($U$2,NA(),AVERAGEIF($N$61:$N$360,P111,$C$61:$C$360)) -> #N/A | S111: =AVERAGEIF($N$61:$N$360,P111,$L$61:$L$360) -> 480.9484 | U111: 98 | V111: 182 | W111: 19 | X111: 7.3657143 | Z111: =IFERROR(AVERAGEIF($N$61:$N$360,$P111,$U$61:$U$360),"") -> 163.2 | AA111: =IFERROR(AVERAGEIF($N$61:$N$360,$P111,$V$61:$V$360),"") -> 173.8 | AB111: =IFERROR(AVERAGEIF($N$61:$N$360,$P111,$W$61:$W$360),"") -> 19.8 | AC111: =IFERROR(AVERAGEIF($N$61:$N$360,$P111,$X$61:$X$360),"") -> 9.5663673 | AD111: =IFERROR(AVERAGEIF($N$61:$N$360,$P111,$Y$61:$Y$360),"")
A112: 2015-S01 | B112: 42002 | C112: =IF(OR($U$2,INDEX($U112:$Y112,$U$3)=""),"",INDEX($U112:$Y112,$U$3)) | D112: =SUMIFS(Historique!I$2:I$2107,Historique!$A$2:$A$2107,">="&$B112,Historique!$A$2:$A$2107,"<="&($B112+6),Historique!$H$2:$H$2107,"Oui") -> 41.01 | E112: =SUMIFS(Historique!J$2:J$2107,Historique!$A$2:$A$2107,">="&$B112,Historique!$A$2:$A$2107,"<="&($B112+6),Historique!$H$2:$H$2107,"Oui") -> 39.266 | F112: =SUMIFS(Historique!K$2:K$2107,Historique!$A$2:$A$2107,">="&$B112,Historique!$A$2:$A$2107,"<="&($B112+6),Historique!$H$2:$H$2107,"Oui") -> 26.9 | G112: =SUMIFS(Historique!L$2:L$2107,Historique!$A$2:$A$2107,">="&$B112,Historique!$A$2:$A$2107,"<="&($B112+6),Historique!$H$2:$H$2107,"Oui") -> 314.32 | H112: =SUMIFS(Historique!M$2:M$2107,Historique!$A$2:$A$2107,">="&$B112,Historique!$A$2:$A$2107,"<="&($B112+6),Historique!$H$2:$H$2107,"Oui") -> 74 | I112: =SUMIFS(Historique!N$2:N$2107,Historique!$A$2:$A$2107,">="&$B112,Historique!$A$2:$A$2107,"<="&($B112+6),Historique!$H$2:$H$2107,"Oui") -> 7 | J112: =SUMIFS(Historique!O$2:O$2107,Historique!$A$2:$A$2107,">="&$B112,Historique!$A$2:$A$2107,"<="&($B112+6),Historique!$H$2:$H$2107,"Oui") -> 52.25 | K112: =SUMIFS(Historique!P$2:P$2107,Historique!$A$2:$A$2107,">="&$B112,Historique!$A$2:$A$2107,"<="&($B112+6),Historique!$H$2:$H$2107,"Oui") -> 11 | L112: =SUM(D112:K112) -> 565.746 | N112: 1 | P112: 52 | R112: =IF($U$2,NA(),AVERAGEIF($N$61:$N$360,P112,$C$61:$C$360)) -> #N/A | S112: =AVERAGEIF($N$61:$N$360,P112,$L$61:$L$360) -> 632.68793 | U112: 110 | V112: 240 | W112: 24 | X112: 6.9714286 | Z112: =IFERROR(AVERAGEIF($N$61:$N$360,$P112,$U$61:$U$360),"") -> 198 | AA112: =IFERROR(AVERAGEIF($N$61:$N$360,$P112,$V$61:$V$360),"") -> 160 | AB112: =IFERROR(AVERAGEIF($N$61:$N$360,$P112,$W$61:$W$360),"") -> 18.4 | AC112: =IFERROR(AVERAGEIF($N$61:$N$360,$P112,$X$61:$X$360),"") -> 8.384 | AD112: =IFERROR(AVERAGEIF($N$61:$N$360,$P112,$Y$61:$Y$360),"")
A113: 2015-S02 | B113: 42009 | C113: =IF(OR($U$2,INDEX($U113:$Y113,$U$3)=""),"",INDEX($U113:$Y113,$U$3)) | D113: =SUMIFS(Historique!I$2:I$2107,Historique!$A$2:$A$2107,">="&$B113,Historique!$A$2:$A$2107,"<="&($B113+6),Historique!$H$2:$H$2107,"Oui") -> 21.68 | E113: =SUMIFS(Historique!J$2:J$2107,Historique!$A$2:$A$2107,">="&$B113,Historique!$A$2:$A$2107,"<="&($B113+6),Historique!$H$2:$H$2107,"Oui") -> 47.321 | F113: =SUMIFS(Historique!K$2:K$2107,Historique!$A$2:$A$2107,">="&$B113,Historique!$A$2:$A$2107,"<="&($B113+6),Historique!$H$2:$H$2107,"Oui") -> 38.6 | G113: =SUMIFS(Historique!L$2:L$2107,Historique!$A$2:$A$2107,">="&$B113,Historique!$A$2:$A$2107,"<="&($B113+6),Historique!$H$2:$H$2107,"Oui") -> 272.4 | H113: =SUMIFS(Historique!M$2:M$2107,Historique!$A$2:$A$2107,">="&$B113,Historique!$A$2:$A$2107,"<="&($B113+6),Historique!$H$2:$H$2107,"Oui") -> 104 | I113: =SUMIFS(Historique!N$2:N$2107,Historique!$A$2:$A$2107,">="&$B113,Historique!$A$2:$A$2107,"<="&($B113+6),Historique!$H$2:$H$2107,"Oui") -> 7 | J113: =SUMIFS(Historique!O$2:O$2107,Historique!$A$2:$A$2107,">="&$B113,Historique!$A$2:$A$2107,"<="&($B113+6),Historique!$H$2:$H$2107,"Oui") -> 51 | K113: =SUMIFS(Historique!P$2:P$2107,Historique!$A$2:$A$2107,">="&$B113,Historique!$A$2:$A$2107,"<="&($B113+6),Historique!$H$2:$H$2107,"Oui") -> 13.3 | L113: =SUM(D113:K113) -> 555.301 | N113: 2 | U113: 161 | V113: 241 | W113: 15 | X113: 9.1
A114: 2015-S03 | B114: 42016 | C114: =IF(OR($U$2,INDEX($U114:$Y114,$U$3)=""),"",INDEX($U114:$Y114,$U$3)) | D114: =SUMIFS(Historique!I$2:I$2107,Historique!$A$2:$A$2107,">="&$B114,Historique!$A$2:$A$2107,"<="&($B114+6),Historique!$H$2:$H$2107,"Oui") -> 39.35 | E114: =SUMIFS(Historique!J$2:J$2107,Historique!$A$2:$A$2107,">="&$B114,Historique!$A$2:$A$2107,"<="&($B114+6),Historique!$H$2:$H$2107,"Oui") -> 30.35 | F114: =SUMIFS(Historique!K$2:K$2107,Historique!$A$2:$A$2107,">="&$B114,Historique!$A$2:$A$2107,"<="&($B114+6),Historique!$H$2:$H$2107,"Oui") -> 38.8 | G114: =SUMIFS(Historique!L$2:L$2107,Historique!$A$2:$A$2107,">="&$B114,Historique!$A$2:$A$2107,"<="&($B114+6),Historique!$H$2:$H$2107,"Oui") -> 231.45 | H114: =SUMIFS(Historique!M$2:M$2107,Historique!$A$2:$A$2107,">="&$B114,Historique!$A$2:$A$2107,"<="&($B114+6),Historique!$H$2:$H$2107,"Oui") -> 115 | I114: =SUMIFS(Historique!N$2:N$2107,Historique!$A$2:$A$2107,">="&$B114,Historique!$A$2:$A$2107,"<="&($B114+6),Historique!$H$2:$H$2107,"Oui") -> 4 | J114: =SUMIFS(Historique!O$2:O$2107,Historique!$A$2:$A$2107,">="&$B114,Historique!$A$2:$A$2107,"<="&($B114+6),Historique!$H$2:$H$2107,"Oui") -> 32 | K114: =SUMIFS(Historique!P$2:P$2107,Historique!$A$2:$A$2107,">="&$B114,Historique!$A$2:$A$2107,"<="&($B114+6),Historique!$H$2:$H$2107,"Oui") -> 9 | L114: =SUM(D114:K114) -> 499.95 | N114: 3 | U114: 239 | V114: 223 | W114: 13 | X114: 7.9428571 | Y114: 0.97
A115: 2015-S04 | B115: 42023 | C115: =IF(OR($U$2,INDEX($U115:$Y115,$U$3)=""),"",INDEX($U115:$Y115,$U$3)) | D115: =SUMIFS(Historique!I$2:I$2107,Historique!$A$2:$A$2107,">="&$B115,Historique!$A$2:$A$2107,"<="&($B115+6),Historique!$H$2:$H$2107,"Oui") -> 29.69 | E115: =SUMIFS(Historique!J$2:J$2107,Historique!$A$2:$A$2107,">="&$B115,Historique!$A$2:$A$2107,"<="&($B115+6),Historique!$H$2:$H$2107,"Oui") -> 14.538 | F115: =SUMIFS(Historique!K$2:K$2107,Historique!$A$2:$A$2107,">="&$B115,Historique!$A$2:$A$2107,"<="&($B115+6),Historique!$H$2:$H$2107,"Oui") -> 32.2 | G115: =SUMIFS(Historique!L$2:L$2107,Historique!$A$2:$A$2107,">="&$B115,Historique!$A$2:$A$2107,"<="&($B115+6),Historique!$H$2:$H$2107,"Oui") -> 246.55 | H115: =SUMIFS(Historique!M$2:M$2107,Historique!$A$2:$A$2107,">="&$B115,Historique!$A$2:$A$2107,"<="&($B115+6),Historique!$H$2:$H$2107,"Oui") -> 128 | I115: =SUMIFS(Historique!N$2:N$2107,Historique!$A$2:$A$2107,">="&$B115,Historique!$A$2:$A$2107,"<="&($B115+6),Historique!$H$2:$H$2107,"Oui") -> 3 | J115: =SUMIFS(Historique!O$2:O$2107,Historique!$A$2:$A$2107,">="&$B115,Historique!$A$2:$A$2107,"<="&($B115+6),Historique!$H$2:$H$2107,"Oui") -> 58 | K115: =SUMIFS(Historique!P$2:P$2107,Historique!$A$2:$A$2107,">="&$B115,Historique!$A$2:$A$2107,"<="&($B115+6),Historique!$H$2:$H$2107,"Oui") -> 8 | L115: =SUM(D115:K115) -> 519.978 | N115: 4 | U115: 453 | V115: 225 | W115: 19 | X115: 5.5457143
A116: 2015-S05 | B116: 42030 | C116: =IF(OR($U$2,INDEX($U116:$Y116,$U$3)=""),"",INDEX($U116:$Y116,$U$3)) | D116: =SUMIFS(Historique!I$2:I$2107,Historique!$A$2:$A$2107,">="&$B116,Historique!$A$2:$A$2107,"<="&($B116+6),Historique!$H$2:$H$2107,"Oui") -> 32.19 | E116: =SUMIFS(Historique!J$2:J$2107,Historique!$A$2:$A$2107,">="&$B116,Historique!$A$2:$A$2107,"<="&($B116+6),Historique!$H$2:$H$2107,"Oui") -> 36.58 | F116: =SUMIFS(Historique!K$2:K$2107,Historique!$A$2:$A$2107,">="&$B116,Historique!$A$2:$A$2107,"<="&($B116+6),Historique!$H$2:$H$2107,"Oui") -> 29.7 | G116: =SUMIFS(Historique!L$2:L$2107,Historique!$A$2:$A$2107,">="&$B116,Historique!$A$2:$A$2107,"<="&($B116+6),Historique!$H$2:$H$2107,"Oui") -> 199.3 | H116: =SUMIFS(Historique!M$2:M$2107,Historique!$A$2:$A$2107,">="&$B116,Historique!$A$2:$A$2107,"<="&($B116+6),Historique!$H$2:$H$2107,"Oui") -> 101 | I116: =SUMIFS(Historique!N$2:N$2107,Historique!$A$2:$A$2107,">="&$B116,Historique!$A$2:$A$2107,"<="&($B116+6),Historique!$H$2:$H$2107,"Oui") -> 8 | J116: =SUMIFS(Historique!O$2:O$2107,Historique!$A$2:$A$2107,">="&$B116,Historique!$A$2:$A$2107,"<="&($B116+6),Historique!$H$2:$H$2107,"Oui") -> 40 | K116: =SUMIFS(Historique!P$2:P$2107,Historique!$A$2:$A$2107,">="&$B116,Historique!$A$2:$A$2107,"<="&($B116+6),Historique!$H$2:$H$2107,"Oui") -> 9 | L116: =SUM(D116:K116) -> 455.77 | N116: 5 | U116: 710 | V116: 215 | W116: 13 | X116: 7.3485714
A117: 2015-S06 | B117: 42037 | C117: =IF(OR($U$2,INDEX($U117:$Y117,$U$3)=""),"",INDEX($U117:$Y117,$U$3)) | D117: =SUMIFS(Historique!I$2:I$2107,Historique!$A$2:$A$2107,">="&$B117,Historique!$A$2:$A$2107,"<="&($B117+6),Historique!$H$2:$H$2107,"Oui") -> 20.34 | E117: =SUMIFS(Historique!J$2:J$2107,Historique!$A$2:$A$2107,">="&$B117,Historique!$A$2:$A$2107,"<="&($B117+6),Historique!$H$2:$H$2107,"Oui") -> 31.329 | F117: =SUMIFS(Historique!K$2:K$2107,Historique!$A$2:$A$2107,">="&$B117,Historique!$A$2:$A$2107,"<="&($B117+6),Historique!$H$2:$H$2107,"Oui") -> 31.6 | G117: =SUMIFS(Historique!L$2:L$2107,Historique!$A$2:$A$2107,">="&$B117,Historique!$A$2:$A$2107,"<="&($B117+6),Historique!$H$2:$H$2107,"Oui") -> 195.25 | H117: =SUMIFS(Historique!M$2:M$2107,Historique!$A$2:$A$2107,">="&$B117,Historique!$A$2:$A$2107,"<="&($B117+6),Historique!$H$2:$H$2107,"Oui") -> 74 | I117: =SUMIFS(Historique!N$2:N$2107,Historique!$A$2:$A$2107,">="&$B117,Historique!$A$2:$A$2107,"<="&($B117+6),Historique!$H$2:$H$2107,"Oui") -> 1 | J117: =SUMIFS(Historique!O$2:O$2107,Historique!$A$2:$A$2107,">="&$B117,Historique!$A$2:$A$2107,"<="&($B117+6),Historique!$H$2:$H$2107,"Oui") -> 36 | K117: =SUMIFS(Historique!P$2:P$2107,Historique!$A$2:$A$2107,">="&$B117,Historique!$A$2:$A$2107,"<="&($B117+6),Historique!$H$2:$H$2107,"Oui") -> 11 | L117: =SUM(D117:K117) -> 400.519 | N117: 6 | U117: 827 | V117: 185 | W117: 23 | X117: 2.8742857
A118: 2015-S07 | B118: 42044 | C118: =IF(OR($U$2,INDEX($U118:$Y118,$U$3)=""),"",INDEX($U118:$Y118,$U$3)) | D118: =SUMIFS(Historique!I$2:I$2107,Historique!$A$2:$A$2107,">="&$B118,Historique!$A$2:$A$2107,"<="&($B118+6),Historique!$H$2:$H$2107,"Oui") -> 35.01 | E118: =SUMIFS(Historique!J$2:J$2107,Historique!$A$2:$A$2107,">="&$B118,Historique!$A$2:$A$2107,"<="&($B118+6),Historique!$H$2:$H$2107,"Oui") -> 29.646 | F118: =SUMIFS(Historique!K$2:K$2107,Historique!$A$2:$A$2107,">="&$B118,Historique!$A$2:$A$2107,"<="&($B118+6),Historique!$H$2:$H$2107,"Oui") -> 44.2 | G118: =SUMIFS(Historique!L$2:L$2107,Historique!$A$2:$A$2107,">="&$B118,Historique!$A$2:$A$2107,"<="&($B118+6),Historique!$H$2:$H$2107,"Oui") -> 222.82 | H118: =SUMIFS(Historique!M$2:M$2107,Historique!$A$2:$A$2107,">="&$B118,Historique!$A$2:$A$2107,"<="&($B118+6),Historique!$H$2:$H$2107,"Oui") -> 77 | I118: =SUMIFS(Historique!N$2:N$2107,Historique!$A$2:$A$2107,">="&$B118,Historique!$A$2:$A$2107,"<="&($B118+6),Historique!$H$2:$H$2107,"Oui") -> 4 | J118: =SUMIFS(Historique!O$2:O$2107,Historique!$A$2:$A$2107,">="&$B118,Historique!$A$2:$A$2107,"<="&($B118+6),Historique!$H$2:$H$2107,"Oui") -> 65 | K118: =SUMIFS(Historique!P$2:P$2107,Historique!$A$2:$A$2107,">="&$B118,Historique!$A$2:$A$2107,"<="&($B118+6),Historique!$H$2:$H$2107,"Oui") -> 13 | L118: =SUM(D118:K118) -> 490.676 | N118: 7 | U118: 802 | V118: 146 | W118: 21 | X118: 7.3057143 | Y118: 0.97
A119: 2015-S08 | B119: 42051 | C119: =IF(OR($U$2,INDEX($U119:$Y119,$U$3)=""),"",INDEX($U119:$Y119,$U$3)) | D119: =SUMIFS(Historique!I$2:I$2107,Historique!$A$2:$A$2107,">="&$B119,Historique!$A$2:$A$2107,"<="&($B119+6),Historique!$H$2:$H$2107,"Oui") -> 21.67 | E119: =SUMIFS(Historique!J$2:J$2107,Historique!$A$2:$A$2107,">="&$B119,Historique!$A$2:$A$2107,"<="&($B119+6),Historique!$H$2:$H$2107,"Oui") -> 32.782 | F119: =SUMIFS(Historique!K$2:K$2107,Historique!$A$2:$A$2107,">="&$B119,Historique!$A$2:$A$2107,"<="&($B119+6),Historique!$H$2:$H$2107,"Oui") -> 20.63 | G119: =SUMIFS(Historique!L$2:L$2107,Historique!$A$2:$A$2107,">="&$B119,Historique!$A$2:$A$2107,"<="&($B119+6),Historique!$H$2:$H$2107,"Oui") -> 283.812 | H119: =SUMIFS(Historique!M$2:M$2107,Historique!$A$2:$A$2107,">="&$B119,Historique!$A$2:$A$2107,"<="&($B119+6),Historique!$H$2:$H$2107,"Oui") -> 34 | I119: =SUMIFS(Historique!N$2:N$2107,Historique!$A$2:$A$2107,">="&$B119,Historique!$A$2:$A$2107,"<="&($B119+6),Historique!$H$2:$H$2107,"Oui") -> 2 | J119: =SUMIFS(Historique!O$2:O$2107,Historique!$A$2:$A$2107,">="&$B119,Historique!$A$2:$A$2107,"<="&($B119+6),Historique!$H$2:$H$2107,"Oui") -> 69 | K119: =SUMIFS(Historique!P$2:P$2107,Historique!$A$2:$A$2107,">="&$B119,Historique!$A$2:$A$2107,"<="&($B119+6),Historique!$H$2:$H$2107,"Oui") -> 14 | L119: =SUM(D119:K119) -> 477.894 | N119: 8 | U119: 635 | V119: 139 | W119: 16 | X119: 7.6542857 | Y119: 0.97
A120: 2015-S09 | B120: 42058 | C120: =IF(OR($U$2,INDEX($U120:$Y120,$U$3)=""),"",INDEX($U120:$Y120,$U$3)) | D120: =SUMIFS(Historique!I$2:I$2107,Historique!$A$2:$A$2107,">="&$B120,Historique!$A$2:$A$2107,"<="&($B120+6),Historique!$H$2:$H$2107,"Oui") -> 43.35 | E120: =SUMIFS(Historique!J$2:J$2107,Historique!$A$2:$A$2107,">="&$B120,Historique!$A$2:$A$2107,"<="&($B120+6),Historique!$H$2:$H$2107,"Oui") -> 30.526 | F120: =SUMIFS(Historique!K$2:K$2107,Historique!$A$2:$A$2107,">="&$B120,Historique!$A$2:$A$2107,"<="&($B120+6),Historique!$H$2:$H$2107,"Oui") -> 31.1 | G120: =SUMIFS(Historique!L$2:L$2107,Historique!$A$2:$A$2107,">="&$B120,Historique!$A$2:$A$2107,"<="&($B120+6),Historique!$H$2:$H$2107,"Oui") -> 241.67 | H120: =SUMIFS(Historique!M$2:M$2107,Historique!$A$2:$A$2107,">="&$B120,Historique!$A$2:$A$2107,"<="&($B120+6),Historique!$H$2:$H$2107,"Oui") -> 54 | I120: =SUMIFS(Historique!N$2:N$2107,Historique!$A$2:$A$2107,">="&$B120,Historique!$A$2:$A$2107,"<="&($B120+6),Historique!$H$2:$H$2107,"Oui") -> 5 | J120: =SUMIFS(Historique!O$2:O$2107,Historique!$A$2:$A$2107,">="&$B120,Historique!$A$2:$A$2107,"<="&($B120+6),Historique!$H$2:$H$2107,"Oui") -> 38 | K120: =SUMIFS(Historique!P$2:P$2107,Historique!$A$2:$A$2107,">="&$B120,Historique!$A$2:$A$2107,"<="&($B120+6),Historique!$H$2:$H$2107,"Oui") -> 12 | L120: =SUM(D120:K120) -> 455.646 | N120: 9 | U120: 370 | V120: 124 | W120: 15 | X120: 9.88
A121: 2015-S10 | B121: 42065 | C121: =IF(OR($U$2,INDEX($U121:$Y121,$U$3)=""),"",INDEX($U121:$Y121,$U$3)) | D121: =SUMIFS(Historique!I$2:I$2107,Historique!$A$2:$A$2107,">="&$B121,Historique!$A$2:$A$2107,"<="&($B121+6),Historique!$H$2:$H$2107,"Oui") -> 41.68 | E121: =SUMIFS(Historique!J$2:J$2107,Historique!$A$2:$A$2107,">="&$B121,Historique!$A$2:$A$2107,"<="&($B121+6),Historique!$H$2:$H$2107,"Oui") -> 25.777 | F121: =SUMIFS(Historique!K$2:K$2107,Historique!$A$2:$A$2107,">="&$B121,Historique!$A$2:$A$2107,"<="&($B121+6),Historique!$H$2:$H$2107,"Oui") -> 23.7 | G121: =SUMIFS(Historique!L$2:L$2107,Historique!$A$2:$A$2107,">="&$B121,Historique!$A$2:$A$2107,"<="&($B121+6),Historique!$H$2:$H$2107,"Oui") -> 245.35 | H121: =SUMIFS(Historique!M$2:M$2107,Historique!$A$2:$A$2107,">="&$B121,Historique!$A$2:$A$2107,"<="&($B121+6),Historique!$H$2:$H$2107,"Oui") -> 39 | I121: =SUMIFS(Historique!N$2:N$2107,Historique!$A$2:$A$2107,">="&$B121,Historique!$A$2:$A$2107,"<="&($B121+6),Historique!$H$2:$H$2107,"Oui") -> 1 | J121: =SUMIFS(Historique!O$2:O$2107,Historique!$A$2:$A$2107,">="&$B121,Historique!$A$2:$A$2107,"<="&($B121+6),Historique!$H$2:$H$2107,"Oui") -> 17 | K121: =SUMIFS(Historique!P$2:P$2107,Historique!$A$2:$A$2107,">="&$B121,Historique!$A$2:$A$2107,"<="&($B121+6),Historique!$H$2:$H$2107,"Oui") -> 10 | L121: =SUM(D121:K121) -> 403.507 | N121: 10 | U121: 223 | V121: 143 | W121: 18 | X121: 10.514286 | Y121: 1.2125
A122: 2015-S11 | B122: 42072 | C122: =IF(OR($U$2,INDEX($U122:$Y122,$U$3)=""),"",INDEX($U122:$Y122,$U$3)) | D122: =SUMIFS(Historique!I$2:I$2107,Historique!$A$2:$A$2107,">="&$B122,Historique!$A$2:$A$2107,"<="&($B122+6),Historique!$H$2:$H$2107,"Oui") -> 27.02 | E122: =SUMIFS(Historique!J$2:J$2107,Historique!$A$2:$A$2107,">="&$B122,Historique!$A$2:$A$2107,"<="&($B122+6),Historique!$H$2:$H$2107,"Oui") -> 29.867 | F122: =SUMIFS(Historique!K$2:K$2107,Historique!$A$2:$A$2107,">="&$B122,Historique!$A$2:$A$2107,"<="&($B122+6),Historique!$H$2:$H$2107,"Oui") -> 33 | G122: =SUMIFS(Historique!L$2:L$2107,Historique!$A$2:$A$2107,">="&$B122,Historique!$A$2:$A$2107,"<="&($B122+6),Historique!$H$2:$H$2107,"Oui") -> 267.6 | H122: =SUMIFS(Historique!M$2:M$2107,Historique!$A$2:$A$2107,">="&$B122,Historique!$A$2:$A$2107,"<="&($B122+6),Historique!$H$2:$H$2107,"Oui") -> 53 | I122: =SUMIFS(Historique!N$2:N$2107,Historique!$A$2:$A$2107,">="&$B122,Historique!$A$2:$A$2107,"<="&($B122+6),Historique!$H$2:$H$2107,"Oui") -> 2 | J122: =SUMIFS(Historique!O$2:O$2107,Historique!$A$2:$A$2107,">="&$B122,Historique!$A$2:$A$2107,"<="&($B122+6),Historique!$H$2:$H$2107,"Oui") -> 35 | K122: =SUMIFS(Historique!P$2:P$2107,Historique!$A$2:$A$2107,">="&$B122,Historique!$A$2:$A$2107,"<="&($B122+6),Historique!$H$2:$H$2107,"Oui") -> 13 | L122: =SUM(D122:K122) -> 460.487 | N122: 11 | U122: 154 | V122: 159 | W122: 19 | X122: 10.665714
A123: 2015-S12 | B123: 42079 | C123: =IF(OR($U$2,INDEX($U123:$Y123,$U$3)=""),"",INDEX($U123:$Y123,$U$3)) | D123: =SUMIFS(Historique!I$2:I$2107,Historique!$A$2:$A$2107,">="&$B123,Historique!$A$2:$A$2107,"<="&($B123+6),Historique!$H$2:$H$2107,"Oui") -> 42 | E123: =SUMIFS(Historique!J$2:J$2107,Historique!$A$2:$A$2107,">="&$B123,Historique!$A$2:$A$2107,"<="&($B123+6),Historique!$H$2:$H$2107,"Oui") -> 27.35 | F123: =SUMIFS(Historique!K$2:K$2107,Historique!$A$2:$A$2107,">="&$B123,Historique!$A$2:$A$2107,"<="&($B123+6),Historique!$H$2:$H$2107,"Oui") -> 24.3 | G123: =SUMIFS(Historique!L$2:L$2107,Historique!$A$2:$A$2107,">="&$B123,Historique!$A$2:$A$2107,"<="&($B123+6),Historique!$H$2:$H$2107,"Oui") -> 254.4 | H123: =SUMIFS(Historique!M$2:M$2107,Historique!$A$2:$A$2107,">="&$B123,Historique!$A$2:$A$2107,"<="&($B123+6),Historique!$H$2:$H$2107,"Oui") -> 55 | I123: =SUMIFS(Historique!N$2:N$2107,Historique!$A$2:$A$2107,">="&$B123,Historique!$A$2:$A$2107,"<="&($B123+6),Historique!$H$2:$H$2107,"Oui") -> 2 | J123: =SUMIFS(Historique!O$2:O$2107,Historique!$A$2:$A$2107,">="&$B123,Historique!$A$2:$A$2107,"<="&($B123+6),Historique!$H$2:$H$2107,"Oui") -> 58 | K123: =SUMIFS(Historique!P$2:P$2107,Historique!$A$2:$A$2107,">="&$B123,Historique!$A$2:$A$2107,"<="&($B123+6),Historique!$H$2:$H$2107,"Oui") -> 6 | L123: =SUM(D123:K123) -> 469.05 | N123: 12 | U123: 109 | V123: 151 | W123: 20 | X123: 11.448571 | Y123: 0.99
A124: 2015-S13 | B124: 42086 | C124: =IF(OR($U$2,INDEX($U124:$Y124,$U$3)=""),"",INDEX($U124:$Y124,$U$3)) | D124: =SUMIFS(Historique!I$2:I$2107,Historique!$A$2:$A$2107,">="&$B124,Historique!$A$2:$A$2107,"<="&($B124+6),Historique!$H$2:$H$2107,"Oui") -> 25.01 | E124: =SUMIFS(Historique!J$2:J$2107,Historique!$A$2:$A$2107,">="&$B124,Historique!$A$2:$A$2107,"<="&($B124+6),Historique!$H$2:$H$2107,"Oui") -> 31.672 | F124: =SUMIFS(Historique!K$2:K$2107,Historique!$A$2:$A$2107,">="&$B124,Historique!$A$2:$A$2107,"<="&($B124+6),Historique!$H$2:$H$2107,"Oui") -> 28.9 | G124: =SUMIFS(Historique!L$2:L$2107,Historique!$A$2:$A$2107,">="&$B124,Historique!$A$2:$A$2107,"<="&($B124+6),Historique!$H$2:$H$2107,"Oui") -> 232.4 | H124: =SUMIFS(Historique!M$2:M$2107,Historique!$A$2:$A$2107,">="&$B124,Historique!$A$2:$A$2107,"<="&($B124+6),Historique!$H$2:$H$2107,"Oui") -> 49 | I124: =SUMIFS(Historique!N$2:N$2107,Historique!$A$2:$A$2107,">="&$B124,Historique!$A$2:$A$2107,"<="&($B124+6),Historique!$H$2:$H$2107,"Oui") -> 4 | J124: =SUMIFS(Historique!O$2:O$2107,Historique!$A$2:$A$2107,">="&$B124,Historique!$A$2:$A$2107,"<="&($B124+6),Historique!$H$2:$H$2107,"Oui") -> 58 | K124: =SUMIFS(Historique!P$2:P$2107,Historique!$A$2:$A$2107,">="&$B124,Historique!$A$2:$A$2107,"<="&($B124+6),Historique!$H$2:$H$2107,"Oui") -> 17 | L124: =SUM(D124:K124) -> 445.982 | N124: 13 | U124: 77 | V124: 168 | W124: 22 | X124: 12.171429 | Y124: 1.98
A125: 2015-S14 | B125: 42093 | C125: =IF(OR($U$2,INDEX($U125:$Y125,$U$3)=""),"",INDEX($U125:$Y125,$U$3)) | D125: =SUMIFS(Historique!I$2:I$2107,Historique!$A$2:$A$2107,">="&$B125,Historique!$A$2:$A$2107,"<="&($B125+6),Historique!$H$2:$H$2107,"Oui") -> 35.01 | E125: =SUMIFS(Historique!J$2:J$2107,Historique!$A$2:$A$2107,">="&$B125,Historique!$A$2:$A$2107,"<="&($B125+6),Historique!$H$2:$H$2107,"Oui") -> 23.807 | F125: =SUMIFS(Historique!K$2:K$2107,Historique!$A$2:$A$2107,">="&$B125,Historique!$A$2:$A$2107,"<="&($B125+6),Historique!$H$2:$H$2107,"Oui") -> 42.1 | G125: =SUMIFS(Historique!L$2:L$2107,Historique!$A$2:$A$2107,">="&$B125,Historique!$A$2:$A$2107,"<="&($B125+6),Historique!$H$2:$H$2107,"Oui") -> 227.87 | H125: =SUMIFS(Historique!M$2:M$2107,Historique!$A$2:$A$2107,">="&$B125,Historique!$A$2:$A$2107,"<="&($B125+6),Historique!$H$2:$H$2107,"Oui") -> 42 | I125: =SUMIFS(Historique!N$2:N$2107,Historique!$A$2:$A$2107,">="&$B125,Historique!$A$2:$A$2107,"<="&($B125+6),Historique!$H$2:$H$2107,"Oui") -> 3 | J125: =SUMIFS(Historique!O$2:O$2107,Historique!$A$2:$A$2107,">="&$B125,Historique!$A$2:$A$2107,"<="&($B125+6),Historique!$H$2:$H$2107,"Oui") -> 15 | K125: =SUMIFS(Historique!P$2:P$2107,Historique!$A$2:$A$2107,">="&$B125,Historique!$A$2:$A$2107,"<="&($B125+6),Historique!$H$2:$H$2107,"Oui") -> 21 | L125: =SUM(D125:K125) -> 409.787 | N125: 14 | U125: 48 | V125: 149 | W125: 31 | X125: 14.405714 | Y125: 1.94
A126: 2015-S15 | B126: 42100 | C126: =IF(OR($U$2,INDEX($U126:$Y126,$U$3)=""),"",INDEX($U126:$Y126,$U$3)) | D126: =SUMIFS(Historique!I$2:I$2107,Historique!$A$2:$A$2107,">="&$B126,Historique!$A$2:$A$2107,"<="&($B126+6),Historique!$H$2:$H$2107,"Oui") -> 43.52 | E126: =SUMIFS(Historique!J$2:J$2107,Historique!$A$2:$A$2107,">="&$B126,Historique!$A$2:$A$2107,"<="&($B126+6),Historique!$H$2:$H$2107,"Oui") -> 28.165 | F126: =SUMIFS(Historique!K$2:K$2107,Historique!$A$2:$A$2107,">="&$B126,Historique!$A$2:$A$2107,"<="&($B126+6),Historique!$H$2:$H$2107,"Oui") -> 30.4 | G126: =SUMIFS(Historique!L$2:L$2107,Historique!$A$2:$A$2107,">="&$B126,Historique!$A$2:$A$2107,"<="&($B126+6),Historique!$H$2:$H$2107,"Oui") -> 263.2 | H126: =SUMIFS(Historique!M$2:M$2107,Historique!$A$2:$A$2107,">="&$B126,Historique!$A$2:$A$2107,"<="&($B126+6),Historique!$H$2:$H$2107,"Oui") -> 50 | I126: =SUMIFS(Historique!N$2:N$2107,Historique!$A$2:$A$2107,">="&$B126,Historique!$A$2:$A$2107,"<="&($B126+6),Historique!$H$2:$H$2107,"Oui") -> 2 | J126: =SUMIFS(Historique!O$2:O$2107,Historique!$A$2:$A$2107,">="&$B126,Historique!$A$2:$A$2107,"<="&($B126+6),Historique!$H$2:$H$2107,"Oui") -> 40 | K126: =SUMIFS(Historique!P$2:P$2107,Historique!$A$2:$A$2107,">="&$B126,Historique!$A$2:$A$2107,"<="&($B126+6),Historique!$H$2:$H$2107,"Oui") -> 31.4 | L126: =SUM(D126:K126) -> 488.685 | N126: 15 | U126: 30 | V126: 130 | W126: 31 | X126: 11.071429 | Y126: 1.2933333
A127: 2015-S16 | B127: 42107 | C127: =IF(OR($U$2,INDEX($U127:$Y127,$U$3)=""),"",INDEX($U127:$Y127,$U$3)) | D127: =SUMIFS(Historique!I$2:I$2107,Historique!$A$2:$A$2107,">="&$B127,Historique!$A$2:$A$2107,"<="&($B127+6),Historique!$H$2:$H$2107,"Oui") -> 41.65 | E127: =SUMIFS(Historique!J$2:J$2107,Historique!$A$2:$A$2107,">="&$B127,Historique!$A$2:$A$2107,"<="&($B127+6),Historique!$H$2:$H$2107,"Oui") -> 22.868 | F127: =SUMIFS(Historique!K$2:K$2107,Historique!$A$2:$A$2107,">="&$B127,Historique!$A$2:$A$2107,"<="&($B127+6),Historique!$H$2:$H$2107,"Oui") -> 32 | G127: =SUMIFS(Historique!L$2:L$2107,Historique!$A$2:$A$2107,">="&$B127,Historique!$A$2:$A$2107,"<="&($B127+6),Historique!$H$2:$H$2107,"Oui") -> 224.3 | H127: =SUMIFS(Historique!M$2:M$2107,Historique!$A$2:$A$2107,">="&$B127,Historique!$A$2:$A$2107,"<="&($B127+6),Historique!$H$2:$H$2107,"Oui") -> 42 | I127: =SUMIFS(Historique!N$2:N$2107,Historique!$A$2:$A$2107,">="&$B127,Historique!$A$2:$A$2107,"<="&($B127+6),Historique!$H$2:$H$2107,"Oui") -> 0 | J127: =SUMIFS(Historique!O$2:O$2107,Historique!$A$2:$A$2107,">="&$B127,Historique!$A$2:$A$2107,"<="&($B127+6),Historique!$H$2:$H$2107,"Oui") -> 19 | K127: =SUMIFS(Historique!P$2:P$2107,Historique!$A$2:$A$2107,">="&$B127,Historique!$A$2:$A$2107,"<="&($B127+6),Historique!$H$2:$H$2107,"Oui") -> 26 | L127: =SUM(D127:K127) -> 407.818 | N127: 16 | U127: 19 | V127: 127 | W127: 35 | X127: 15.151429 | Y127: 5.9585714
...

Sheet Stocks
A1: Stocks et alertes | M1: =HYPERLINK("#Accueil!A1","← Accueil") -> ← Accueil | N1: =HYPERLINK("#Scan!A1","Scan") -> Scan
A3: Saisissez une fois le stock de départ et les réceptions (cases jaunes) : chaque vente scannée dans l'onglet Scan se déduit automatiquement.
A5: Mois à préparer | C5: Octobre | D5: Jours dans le mois : | F5: =DAY(DATE(2019,MATCH($C$5,Calculs!$A$6:$A$17,0)+1,0)) -> 31
A7: Code ATC | C7: Stock de départ (inventaire) | D7: Réceptions | E7: Ventes scannées | F7: Stock en rayon | G7: Ventes par jour (tendance) | H7: Autonomie (jours) | I7: Stock minimum conseillé | J7: Quantité à commander | K7: Alerte | Q7: 2014 | R7: 2015 | S7: 2016 | T7: 2017 | U7: 2018 | V7: 2019
A8: M01AB | B8: M01AB | E8: =COUNTIF(Scan!$C$8:$C$1007,$A8) -> 0 | F8: =IF($C8="","",C8+N(D8)-E8) | G8: =IFERROR(MAX(0,FORECAST($W8,Q8:V8,$Q$7:$V$7)),"") -> 5.3114839 | H8: =IF(OR($F8="",$G8="",$G8=0),"",F8/G8) | I8: =IF($G8="","",ROUNDUP(G8*$F$5,0)) -> 165 | J8: =IF(OR($F8="",$I8=""),"",MAX(0,ROUNDUP(I8-F8,0))) | K8: =IF($C8="","À saisir",IF($G8="","Pas de données",IF(F8<=0,"RUPTURE",IF(J8>0,"À COMMANDER","OK")))) -> À saisir | Q8: =IFERROR(AVERAGEIFS(Historique!I$2:I$2107,Historique!$C$2:$C$2107,MATCH($C$5,Calculs!$A$6:$A$17,0),Historique!$G$2:$G$2107,"Oui",Historique!$B$2:$B$2107,Q$7),"") -> 3.1748387 | R8: =IFERROR(AVERAGEIFS(Historique!I$2:I$2107,Historique!$C$2:$C$2107,MATCH($C$5,Calculs!$A$6:$A$17,0),Historique!$G$2:$G$2107,"Oui",Historique!$B$2:$B$2107,R$7),"") -> 6.3164516 | S8: =IFERROR(AVERAGEIFS(Historique!I$2:I$2107,Historique!$C$2:$C$2107,MATCH($C$5,Calculs!$A$6:$A$17,0),Historique!$G$2:$G$2107,"Oui",Historique!$B$2:$B$2107,S$7),"") -> 6.0245161 | T8: =IFERROR(AVERAGEIFS(Historique!I$2:I$2107,Historique!$C$2:$C$2107,MATCH($C$5,Calculs!$A$6:$A$17,0),Historique!$G$2:$G$2107,"Oui",Historique!$B$2:$B$2107,T$7),"") -> 4.5474194 | U8: =IFERROR(AVERAGEIFS(Historique!I$2:I$2107,Historique!$C$2:$C$2107,MATCH($C$5,Calculs!$A$6:$A$17,0),Historique!$G$2:$G$2107,"Oui",Historique!$B$2:$B$2107,U$7),"") -> 4.6680645 | V8: =IFERROR(AVERAGEIFS(Historique!I$2:I$2107,Historique!$C$2:$C$2107,MATCH($C$5,Calculs!$A$6:$A$17,0),Historique!$G$2:$G$2107,"Oui",Historique!$B$2:$B$2107,V$7),"") | W8: =LOOKUP(2,1/ISNUMBER(Q8:V8),$Q$7:$V$7)+1 -> 2019
A9: M01AE | B9: M01AE | E9: =COUNTIF(Scan!$C$8:$C$1007,$A9) -> 0 | F9: =IF($C9="","",C9+N(D9)-E9) | G9: =IFERROR(MAX(0,FORECAST($W9,Q9:V9,$Q$7:$V$7)),"") -> 3.9489419 | H9: =IF(OR($F9="",$G9="",$G9=0),"",F9/G9) | I9: =IF($G9="","",ROUNDUP(G9*$F$5,0)) -> 123 | J9: =IF(OR($F9="",$I9=""),"",MAX(0,ROUNDUP(I9-F9,0))) | K9: =IF($C9="","À saisir",IF($G9="","Pas de données",IF(F9<=0,"RUPTURE",IF(J9>0,"À COMMANDER","OK")))) -> À saisir | Q9: =IFERROR(AVERAGEIFS(Historique!J$2:J$2107,Historique!$C$2:$C$2107,MATCH($C$5,Calculs!$A$6:$A$17,0),Historique!$G$2:$G$2107,"Oui",Historique!$B$2:$B$2107,Q$7),"") -> 3.5235806 | R9: =IFERROR(AVERAGEIFS(Historique!J$2:J$2107,Historique!$C$2:$C$2107,MATCH($C$5,Calculs!$A$6:$A$17,0),Historique!$G$2:$G$2107,"Oui",Historique!$B$2:$B$2107,R$7),"") -> 4.1042258 | S9: =IFERROR(AVERAGEIFS(Historique!J$2:J$2107,Historique!$C$2:$C$2107,MATCH($C$5,Calculs!$A$6:$A$17,0),Historique!$G$2:$G$2107,"Oui",Historique!$B$2:$B$2107,S$7),"") -> 4.5824516 | T9: =IFERROR(AVERAGEIFS(Historique!J$2:J$2107,Historique!$C$2:$C$2107,MATCH($C$5,Calculs!$A$6:$A$17,0),Historique!$G$2:$G$2107,"Oui",Historique!$B$2:$B$2107,T$7),"") -> 3.0259032 | U9: =IFERROR(AVERAGEIFS(Historique!J$2:J$2107,Historique!$C$2:$C$2107,MATCH($C$5,Calculs!$A$6:$A$17,0),Historique!$G$2:$G$2107,"Oui",Historique!$B$2:$B$2107,U$7),"") -> 4.1741935 | V9: =IFERROR(AVERAGEIFS(Historique!J$2:J$2107,Historique!$C$2:$C$2107,MATCH($C$5,Calculs!$A$6:$A$17,0),Historique!$G$2:$G$2107,"Oui",Historique!$B$2:$B$2107,V$7),"") | W9: =LOOKUP(2,1/ISNUMBER(Q9:V9),$Q$7:$V$7)+1 -> 2019
A10: N02BA | B10: N02BA | E10: =COUNTIF(Scan!$C$8:$C$1007,$A10) -> 0 | F10: =IF($C10="","",C10+N(D10)-E10) | G10: =IFERROR(MAX(0,FORECAST($W10,Q10:V10,$Q$7:$V$7)),"") -> 2.3358065 | H10: =IF(OR($F10="",$G10="",$G10=0),"",F10/G10) | I10: =IF($G10="","",ROUNDUP(G10*$F$5,0)) -> 73 | J10: =IF(OR($F10="",$I10=""),"",MAX(0,ROUNDUP(I10-F10,0))) | K10: =IF($C10="","À saisir",IF($G10="","Pas de données",IF(F10<=0,"RUPTURE",IF(J10>0,"À COMMANDER","OK")))) -> À saisir | Q10: =IFERROR(AVERAGEIFS(Historique!K$2:K$2107,Historique!$C$2:$C$2107,MATCH($C$5,Calculs!$A$6:$A$17,0),Historique!$G$2:$G$2107,"Oui",Historique!$B$2:$B$2107,Q$7),"") -> 4.6 | R10: =IFERROR(AVERAGEIFS(Historique!K$2:K$2107,Historique!$C$2:$C$2107,MATCH($C$5,Calculs!$A$6:$A$17,0),Historique!$G$2:$G$2107,"Oui",Historique!$B$2:$B$2107,R$7),"") -> 4.716129 | S10: =IFERROR(AVERAGEIFS(Historique!K$2:K$2107,Historique!$C$2:$C$2107,MATCH($C$5,Calculs!$A$6:$A$17,0),Historique!$G$2:$G$2107,"Oui",Historique!$B$2:$B$2107,S$7),"") -> 5.166129 | T10: =IFERROR(AVERAGEIFS(Historique!K$2:K$2107,Historique!$C$2:$C$2107,MATCH($C$5,Calculs!$A$6:$A$17,0),Historique!$G$2:$G$2107,"Oui",Historique!$B$2:$B$2107,T$7),"") -> 3.3032258 | U10: =IFERROR(AVERAGEIFS(Historique!K$2:K$2107,Historique!$C$2:$C$2107,MATCH($C$5,Calculs!$A$6:$A$17,0),Historique!$G$2:$G$2107,"Oui",Historique!$B$2:$B$2107,U$7),"") -> 2.4532258 | V10: =IFERROR(AVERAGEIFS(Historique!K$2:K$2107,Historique!$C$2:$C$2107,MATCH($C$5,Calculs!$A$6:$A$17,0),Historique!$G$2:$G$2107,"Oui",Historique!$B$2:$B$2107,V$7),"") | W10: =LOOKUP(2,1/ISNUMBER(Q10:V10),$Q$7:$V$7)+1 -> 2019
A11: N02BE | B11: N02BE | E11: =COUNTIF(Scan!$C$8:$C$1007,$A11) -> 0 | F11: =IF($C11="","",C11+N(D11)-E11) | G11: =IFERROR(MAX(0,FORECAST($W11,Q11:V11,$Q$7:$V$7)),"") -> 40.810769 | H11: =IF(OR($F11="",$G11="",$G11=0),"",F11/G11) | I11: =IF($G11="","",ROUNDUP(G11*$F$5,0)) -> 1266 | J11: =IF(OR($F11="",$I11=""),"",MAX(0,ROUNDUP(I11-F11,0))) | K11: =IF($C11="","À saisir",IF($G11="","Pas de données",IF(F11<=0,"RUPTURE",IF(J11>0,"À COMMANDER","OK")))) -> À saisir | Q11: =IFERROR(AVERAGEIFS(Historique!L$2:L$2107,Historique!$C$2:$C$2107,MATCH($C$5,Calculs!$A$6:$A$17,0),Historique!$G$2:$G$2107,"Oui",Historique!$B$2:$B$2107,Q$7),"") -> 33.755323 | R11: =IFERROR(AVERAGEIFS(Historique!L$2:L$2107,Historique!$C$2:$C$2107,MATCH($C$5,Calculs!$A$6:$A$17,0),Historique!$G$2:$G$2107,"Oui",Historique!$B$2:$B$2107,R$7),"") -> 50.785 | S11: =IFERROR(AVERAGEIFS(Historique!L$2:L$2107,Historique!$C$2:$C$2107,MATCH($C$5,Calculs!$A$6:$A$17,0),Historique!$G$2:$G$2107,"Oui",Historique!$B$2:$B$2107,S$7),"") -> 51.086828 | T11: =IFERROR(AVERAGEIFS(Historique!L$2:L$2107,Historique!$C$2:$C$2107,MATCH($C$5,Calculs!$A$6:$A$17,0),Historique!$G$2:$G$2107,"Oui",Historique!$B$2:$B$2107,T$7),"") -> 40.062903 | U11: =IFERROR(AVERAGEIFS(Historique!L$2:L$2107,Historique!$C$2:$C$2107,MATCH($C$5,Calculs!$A$6:$A$17,0),Historique!$G$2:$G$2107,"Oui",Historique!$B$2:$B$2107,U$7),"") -> 36.428226 | V11: =IFERROR(AVERAGEIFS(Historique!L$2:L$2107,Historique!$C$2:$C$2107,MATCH($C$5,Calculs!$A$6:$A$17,0),Historique!$G$2:$G$2107,"Oui",Historique!$B$2:$B$2107,V$7),"") | W11: =LOOKUP(2,1/ISNUMBER(Q11:V11),$Q$7:$V$7)+1 -> 2019
A12: N05B | B12: N05B | E12: =COUNTIF(Scan!$C$8:$C$1007,$A12) -> 0 | F12: =IF($C12="","",C12+N(D12)-E12) | G12: =IFERROR(MAX(0,FORECAST($W12,Q12:V12,$Q$7:$V$7)),"") -> 6.7763441 | H12: =IF(OR($F12="",$G12="",$G12=0),"",F12/G12) | I12: =IF($G12="","",ROUNDUP(G12*$F$5,0)) -> 211 | J12: =IF(OR($F12="",$I12=""),"",MAX(0,ROUNDUP(I12-F12,0))) | K12: =IF($C12="","À saisir",IF($G12="","Pas de données",IF(F12<=0,"RUPTURE",IF(J12>0,"À COMMANDER","OK")))) -> À saisir | Q12: =IFERROR(AVERAGEIFS(Historique!M$2:M$2107,Historique!$C$2:$C$2107,MATCH($C$5,Calculs!$A$6:$A$17,0),Historique!$G$2:$G$2107,"Oui",Historique!$B$2:$B$2107,Q$7),"") -> 13.870968 | R12: =IFERROR(AVERAGEIFS(Historique!M$2:M$2107,Historique!$C$2:$C$2107,MATCH($C$5,Calculs!$A$6:$A$17,0),Historique!$G$2:$G$2107,"Oui",Historique!$B$2:$B$2107,R$7),"") -> 7.1612903 | S12: =IFERROR(AVERAGEIFS(Historique!M$2:M$2107,Historique!$C$2:$C$2107,MATCH($C$5,Calculs!$A$6:$A$17,0),Historique!$G$2:$G$2107,"Oui",Historique!$B$2:$B$2107,S$7),"") -> 9.3817204 | T12: =IFERROR(AVERAGEIFS(Historique!M$2:M$2107,Historique!$C$2:$C$2107,MATCH($C$5,Calculs!$A$6:$A$17,0),Historique!$G$2:$G$2107,"Oui",Historique!$B$2:$B$2107,T$7),"") -> 7.516129 | U12: =IFERROR(AVERAGEIFS(Historique!M$2:M$2107,Historique!$C$2:$C$2107,MATCH($C$5,Calculs!$A$6:$A$17,0),Historique!$G$2:$G$2107,"Oui",Historique!$B$2:$B$2107,U$7),"") -> 9.2580645 | V12: =IFERROR(AVERAGEIFS(Historique!M$2:M$2107,Historique!$C$2:$C$2107,MATCH($C$5,Calculs!$A$6:$A$17,0),Historique!$G$2:$G$2107,"Oui",Historique!$B$2:$B$2107,V$7),"") | W12: =LOOKUP(2,1/ISNUMBER(Q12:V12),$Q$7:$V$7)+1 -> 2019
A13: N05C | B13: N05C | E13: =COUNTIF(Scan!$C$8:$C$1007,$A13) -> 0 | F13: =IF($C13="","",C13+N(D13)-E13) | G13: =IFERROR(MAX(0,FORECAST($W13,Q13:V13,$Q$7:$V$7)),"") -> 0.68709677 | H13: =IF(OR($F13="",$G13="",$G13=0),"",F13/G13) | I13: =IF($G13="","",ROUNDUP(G13*$F$5,0)) -> 22 | J13: =IF(OR($F13="",$I13=""),"",MAX(0,ROUNDUP(I13-F13,0))) | K13: =IF($C13="","À saisir",IF($G13="","Pas de données",IF(F13<=0,"RUPTURE",IF(J13>0,"À COMMANDER","OK")))) -> À saisir | Q13: =IFERROR(AVERAGEIFS(Historique!N$2:N$2107,Historique!$C$2:$C$2107,MATCH($C$5,Calculs!$A$6:$A$17,0),Historique!$G$2:$G$2107,"Oui",Historique!$B$2:$B$2107,Q$7),"") -> 0.61290323 | R13: =IFERROR(AVERAGEIFS(Historique!N$2:N$2107,Historique!$C$2:$C$2107,MATCH($C$5,Calculs!$A$6:$A$17,0),Historique!$G$2:$G$2107,"Oui",Historique!$B$2:$B$2107,R$7),"") -> 0.25806452 | S13: =IFERROR(AVERAGEIFS(Historique!N$2:N$2107,Historique!$C$2:$C$2107,MATCH($C$5,Calculs!$A$6:$A$17,0),Historique!$G$2:$G$2107,"Oui",Historique!$B$2:$B$2107,S$7),"") -> 0.35483871 | T13: =IFERROR(AVERAGEIFS(Historique!N$2:N$2107,Historique!$C$2:$C$2107,MATCH($C$5,Calculs!$A$6:$A$17,0),Historique!$G$2:$G$2107,"Oui",Historique!$B$2:$B$2107,T$7),"") -> 0.48387097 | U13: =IFERROR(AVERAGEIFS(Historique!N$2:N$2107,Historique!$C$2:$C$2107,MATCH($C$5,Calculs!$A$6:$A$17,0),Historique!$G$2:$G$2107,"Oui",Historique!$B$2:$B$2107,U$7),"") -> 0.80645161 | V13: =IFERROR(AVERAGEIFS(Historique!N$2:N$2107,Historique!$C$2:$C$2107,MATCH($C$5,Calculs!$A$6:$A$17,0),Historique!$G$2:$G$2107,"Oui",Historique!$B$2:$B$2107,V$7),"") | W13: =LOOKUP(2,1/ISNUMBER(Q13:V13),$Q$7:$V$7)+1 -> 2019
A14: R03 | B14: R03 | E14: =COUNTIF(Scan!$C$8:$C$1007,$A14) -> 0 | F14: =IF($C14="","",C14+N(D14)-E14) | G14: =IFERROR(MAX(0,FORECAST($W14,Q14:V14,$Q$7:$V$7)),"") -> 11.303226 | H14: =IF(OR($F14="",$G14="",$G14=0),"",F14/G14) | I14: =IF($G14="","",ROUNDUP(G14*$F$5,0)) -> 351 | J14: =IF(OR($F14="",$I14=""),"",MAX(0,ROUNDUP(I14-F14,0))) | K14: =IF($C14="","À saisir",IF($G14="","Pas de données",IF(F14<=0,"RUPTURE",IF(J14>0,"À COMMANDER","OK")))) -> À saisir | Q14: =IFERROR(AVERAGEIFS(Historique!O$2:O$2107,Historique!$C$2:$C$2107,MATCH($C$5,Calculs!$A$6:$A$17,0),Historique!$G$2:$G$2107,"Oui",Historique!$B$2:$B$2107,Q$7),"") -> 5.0645161 | R14: =IFERROR(AVERAGEIFS(Historique!O$2:O$2107,Historique!$C$2:$C$2107,MATCH($C$5,Calculs!$A$6:$A$17,0),Historique!$G$2:$G$2107,"Oui",Historique!$B$2:$B$2107,R$7),"") -> 5.9354839 | S14: =IFERROR(AVERAGEIFS(Historique!O$2:O$2107,Historique!$C$2:$C$2107,MATCH($C$5,Calculs!$A$6:$A$17,0),Historique!$G$2:$G$2107,"Oui",Historique!$B$2:$B$2107,S$7),"") -> 7.0967742 | T14: =IFERROR(AVERAGEIFS(Historique!O$2:O$2107,Historique!$C$2:$C$2107,MATCH($C$5,Calculs!$A$6:$A$17,0),Historique!$G$2:$G$2107,"Oui",Historique!$B$2:$B$2107,T$7),"") -> 8.1290323 | U14: =IFERROR(AVERAGEIFS(Historique!O$2:O$2107,Historique!$C$2:$C$2107,MATCH($C$5,Calculs!$A$6:$A$17,0),Historique!$G$2:$G$2107,"Oui",Historique!$B$2:$B$2107,U$7),"") -> 10.548387 | V14: =IFERROR(AVERAGEIFS(Historique!O$2:O$2107,Historique!$C$2:$C$2107,MATCH($C$5,Calculs!$A$6:$A$17,0),Historique!$G$2:$G$2107,"Oui",Historique!$B$2:$B$2107,V$7),"") | W14: =LOOKUP(2,1/ISNUMBER(Q14:V14),$Q$7:$V$7)+1 -> 2019
A15: R06 | B15: R06 | E15: =COUNTIF(Scan!$C$8:$C$1007,$A15) -> 0 | F15: =IF($C15="","",C15+N(D15)-E15) | G15: =IFERROR(MAX(0,FORECAST($W15,Q15:V15,$Q$7:$V$7)),"") -> 2.38 | H15: =IF(OR($F15="",$G15="",$G15=0),"",F15/G15) | I15: =IF($G15="","",ROUNDUP(G15*$F$5,0)) -> 74 | J15: =IF(OR($F15="",$I15=""),"",MAX(0,ROUNDUP(I15-F15,0))) | K15: =IF($C15="","À saisir",IF($G15="","Pas de données",IF(F15<=0,"RUPTURE",IF(J15>0,"À COMMANDER","OK")))) -> À saisir | Q15: =IFERROR(AVERAGEIFS(Historique!P$2:P$2107,Historique!$C$2:$C$2107,MATCH($C$5,Calculs!$A$6:$A$17,0),Historique!$G$2:$G$2107,"Oui",Historique!$B$2:$B$2107,Q$7),"") -> 1.5096774 | R15: =IFERROR(AVERAGEIFS(Historique!P$2:P$2107,Historique!$C$2:$C$2107,MATCH($C$5,Calculs!$A$6:$A$17,0),Historique!$G$2:$G$2107,"Oui",Historique!$B$2:$B$2107,R$7),"") -> 2.3225806 | S15: =IFERROR(AVERAGEIFS(Historique!P$2:P$2107,Historique!$C$2:$C$2107,MATCH($C$5,Calculs!$A$6:$A$17,0),Historique!$G$2:$G$2107,"Oui",Historique!$B$2:$B$2107,S$7),"") -> 1.9645161 | T15: =IFERROR(AVERAGEIFS(Historique!P$2:P$2107,Historique!$C$2:$C$2107,MATCH($C$5,Calculs!$A$6:$A$17,0),Historique!$G$2:$G$2107,"Oui",Historique!$B$2:$B$2107,T$7),"") -> 1.6774194 | U15: =IFERROR(AVERAGEIFS(Historique!P$2:P$2107,Historique!$C$2:$C$2107,MATCH($C$5,Calculs!$A$6:$A$17,0),Historique!$G$2:$G$2107,"Oui",Historique!$B$2:$B$2107,U$7),"") -> 2.4806452 | V15: =IFERROR(AVERAGEIFS(Historique!P$2:P$2107,Historique!$C$2:$C$2107,MATCH($C$5,Calculs!$A$6:$A$17,0),Historique!$G$2:$G$2107,"Oui",Historique!$B$2:$B$2107,V$7),"") | W15: =LOOKUP(2,1/ISNUMBER(Q15:V15),$Q$7:$V$7)+1 -> 2019
A17: Journées passées sans aucune vente
A18: Médicament | B18: Nombre de journées | C18: Part des journées | D18: Plus longue série d'affilée
A19: M01AB | B19: 13 | C19: =IFERROR(B19/COUNTIF(Historique!$H$2:$H$2107,"Oui"),0) -> 0.0061787072 | D19: 1
A20: M01AE | B20: 10 | C20: =IFERROR(B20/COUNTIF(Historique!$H$2:$H$2107,"Oui"),0) -> 0.0047528517 | D20: 1
A21: N02BA | B21: 54 | C21: =IFERROR(B21/COUNTIF(Historique!$H$2:$H$2107,"Oui"),0) -> 0.025665399 | D21: 2
A22: N02BE | B22: 0 | C22: =IFERROR(B22/COUNTIF(Historique!$H$2:$H$2107,"Oui"),0) -> 0 | D22: 0
A23: N05B | B23: 18 | C23: =IFERROR(B23/COUNTIF(Historique!$H$2:$H$2107,"Oui"),0) -> 0.0085551331 | D23: 1
A24: N05C | B24: 1436 | C24: =IFERROR(B24/COUNTIF(Historique!$H$2:$H$2107,"Oui"),0) -> 0.68250951 | D24: 23
A25: R03 | B25: 472 | C25: =IFERROR(B25/COUNTIF(Historique!$H$2:$H$2107,"Oui"),0) -> 0.2243346 | D25: 6
A26: R06 | B26: 241 | C26: =IFERROR(B26/COUNTIF(Historique!$H$2:$H$2107,"Oui"),0) -> 0.11454373 | D26: 5
A28: Stock en rayon = stock de départ + réceptions − ventes scannées. Ventes par jour : tendance du mois choisi d'une année à l'autre (ventes par jour de ce mois, année par année), prolongée jusqu'à l'année suivante.
A29: Autonomie = stock en rayon ÷ ventes par jour. Stock minimum conseillé = ventes par jour × jours dans le mois. Quantité à commander = minimum − stock en rayon.

Sheet Scan
A1: Scan des ventes | I1: =HYPERLINK("#Accueil!A1","← Accueil") -> ← Accueil | J1: =HYPERLINK("#Stocks!A1","Stocks") -> Stocks
A2: Cliquez dans la première case jaune vide de la colonne « Code scanné », puis scannez : chaque scan retire une boîte du stock.
E4: Ventes scannées | G4: =COUNTIF(C8:C1007,"?*")-COUNTIF(C8:C1007,"Code inconnu") -> 0
E5: Codes inconnus | G5: =COUNTIF(C8:C1007,"Code inconnu") -> 0
F6: Correspondance code-barres → groupe
A7: Code scanné | B7: Code CIP13 lu | C7: Groupe ATC | F7: Code CIP13 (13 chiffres) | G7: Groupe ATC
B8: =IF(A8="","",IF(AND(LEN(A8)>=16,LEFT(A8,2)="01"),MID(A8,4,13),A8)) | C8: =IF(A8="","",IFERROR(INDEX($G$8:$G$507,MATCH(B8,$F$8:$F$507,0)),"Code inconnu"))
B9: =IF(A9="","",IF(AND(LEN(A9)>=16,LEFT(A9,2)="01"),MID(A9,4,13),A9)) | C9: =IF(A9="","",IFERROR(INDEX($G$8:$G$507,MATCH(B9,$F$8:$F$507,0)),"Code inconnu"))
B10: =IF(A10="","",IF(AND(LEN(A10)>=16,LEFT(A10,2)="01"),MID(A10,4,13),A10)) | C10: =IF(A10="","",IFERROR(INDEX($G$8:$G$507,MATCH(B10,$F$8:$F$507,0)),"Code inconnu"))
B11: =IF(A11="","",IF(AND(LEN(A11)>=16,LEFT(A11,2)="01"),MID(A11,4,13),A11)) | C11: =IF(A11="","",IFERROR(INDEX($G$8:$G$507,MATCH(B11,$F$8:$F$507,0)),"Code inconnu"))
B12: =IF(A12="","",IF(AND(LEN(A12)>=16,LEFT(A12,2)="01"),MID(A12,4,13),A12)) | C12: =IF(A12="","",IFERROR(INDEX($G$8:$G$507,MATCH(B12,$F$8:$F$507,0)),"Code inconnu"))
B13: =IF(A13="","",IF(AND(LEN(A13)>=16,LEFT(A13,2)="01"),MID(A13,4,13),A13)) | C13: =IF(A13="","",IFERROR(INDEX($G$8:$G$507,MATCH(B13,$F$8:$F$507,0)),"Code inconnu"))
B14: =IF(A14="","",IF(AND(LEN(A14)>=16,LEFT(A14,2)="01"),MID(A14,4,13),A14)) | C14: =IF(A14="","",IFERROR(INDEX($G$8:$G$507,MATCH(B14,$F$8:$F$507,0)),"Code inconnu"))
B15: =IF(A15="","",IF(AND(LEN(A15)>=16,LEFT(A15,2)="01"),MID(A15,4,13),A15)) | C15: =IF(A15="","",IFERROR(INDEX($G$8:$G$507,MATCH(B15,$F$8:$F$507,0)),"Code inconnu"))
B16: =IF(A16="","",IF(AND(LEN(A16)>=16,LEFT(A16,2)="01"),MID(A16,4,13),A16)) | C16: =IF(A16="","",IFERROR(INDEX($G$8:$G$507,MATCH(B16,$F$8:$F$507,0)),"Code inconnu"))
B17: =IF(A17="","",IF(AND(LEN(A17)>=16,LEFT(A17,2)="01"),MID(A17,4,13),A17)) | C17: =IF(A17="","",IFERROR(INDEX($G$8:$G$507,MATCH(B17,$F$8:$F$507,0)),"Code inconnu"))
B18: =IF(A18="","",IF(AND(LEN(A18)>=16,LEFT(A18,2)="01"),MID(A18,4,13),A18)) | C18: =IF(A18="","",IFERROR(INDEX($G$8:$G$507,MATCH(B18,$F$8:$F$507,0)),"Code inconnu"))
B19: =IF(A19="","",IF(AND(LEN(A19)>=16,LEFT(A19,2)="01"),MID(A19,4,13),A19)) | C19: =IF(A19="","",IFERROR(INDEX($G$8:$G$507,MATCH(B19,$F$8:$F$507,0)),"Code inconnu"))
... B1007: =IF(A1007="","",IF(AND(LEN(A1007)>=16,LEFT(A1007,2)="01"),MID(A1007,4,13),A1007)) | C1007: =IF(A1007="","",IFERROR(INDEX($G$8:$G$507,MATCH(B1007,$F$8:$F$507,0)),"Code inconnu"))
A1009: Code scanné : le lecteur écrit le code et passe à la ligne suivante. S'il lit le Data Matrix d'une boîte, le classeur en extrait le code CIP13.
A1010: Pour annuler un scan, effacez la case. Ce journal n'est pas relié au logiciel de caisse de la pharmacie.

Sheet Recherche
A1: Recherche | I1: =HYPERLINK("#Accueil!A1","← Accueil") -> ← Accueil | J1: =HYPERLINK("#Activite!A1","Activité") -> Activité
A2: Cliquez sur les flèches ▼ de la ligne 6. Le filtre Date se déplie par année, puis mois, puis jour. Les totaux se mettent à jour.
A3: Total vendu | C3: Journées | E3: Moyenne par jour | H3: Médicaments affichés
A4: =SUBTOTAL(109,$E$7:$E$16838) -> 129048.33 | C4: =IFERROR(SUBTOTAL(103,$E$7:$E$16838)/COUNTIF($L$7:$L$14,">0"),0) -> 2104 | E4: =IFERROR(A4/C4,0) -> 61.334756 | H4: =COUNTIF($L$7:$L$14,">0") -> 8
A6: Date | B6: Jour | C6: Code ATC | D6: Code | E6: Quantité vendue | F6: Visible | H6: Code ATC | I6: Total vendu | J6: Moyenne par jour | K6: Part | L6: lignes
A7: 41642 | B7: 5 - Vendredi | C7: M01AB | D7: M01AB | E7: 8 | F7: =SUBTOTAL(103,E7) -> 1 | H7: M01AB | I7: =SUMIFS($E$7:$E$16838,$C$7:$C$16838,$H7,$F$7:$F$16838,1) -> 10723.665 | J7: =IFERROR(I7/$C$4,0) -> 5.096799 | K7: =IFERROR(I7/$A$4,0) -> 0.083098056 | L7: =COUNTIFS($C$7:$C$16838,$H7,$F$7:$F$16838,1) -> 2104
A8: 41642 | B8: 5 - Vendredi | C8: M01AE | D8: M01AE | E8: 4 | F8: =SUBTOTAL(103,E8) -> 1 | H8: M01AE | I8: =SUMIFS($E$7:$E$16838,$C$7:$C$16838,$H8,$F$7:$F$16838,1) -> 8325.449 | J8: =IFERROR(I8/$C$4,0) -> 3.9569625 | K8: =IFERROR(I8/$A$4,0) -> 0.064514196 | L8: =COUNTIFS($C$7:$C$16838,$H8,$F$7:$F$16838,1) -> 2104
A9: 41642 | B9: 5 - Vendredi | C9: N02BA | D9: N02BA | E9: 4.4 | F9: =SUBTOTAL(103,E9) -> 1 | H9: N02BA | I9: =SUMIFS($E$7:$E$16838,$C$7:$C$16838,$H9,$F$7:$F$16838,1) -> 8185.7597 | J9: =IFERROR(I9/$C$4,0) -> 3.8905702 | K9: =IFERROR(I9/$A$4,0) -> 0.063431738 | L9: =COUNTIFS($C$7:$C$16838,$H9,$F$7:$F$16838,1) -> 2104
A10: 41642 | B10: 5 - Vendredi | C10: N02BE | D10: N02BE | E10: 50.6 | F10: =SUBTOTAL(103,E10) -> 1 | H10: N02BE | I10: =SUMIFS($E$7:$E$16838,$C$7:$C$16838,$H10,$F$7:$F$16838,1) -> 64074.881 | J10: =IFERROR(I10/$C$4,0) -> 30.453841 | K10: =IFERROR(I10/$A$4,0) -> 0.4965185 | L10: =COUNTIFS($C$7:$C$16838,$H10,$F$7:$F$16838,1) -> 2104
A11: 41642 | B11: 5 - Vendredi | C11: N05B | D11: N05B | E11: 16 | F11: =SUBTOTAL(103,E11) -> 1 | H11: N05B | I11: =SUMIFS($E$7:$E$16838,$C$7:$C$16838,$H11,$F$7:$F$16838,1) -> 18586.008 | J11: =IFERROR(I11/$C$4,0) -> 8.8336542 | K11: =IFERROR(I11/$A$4,0) -> 0.14402363 | L11: =COUNTIFS($C$7:$C$16838,$H11,$F$7:$F$16838,1) -> 2104
A12: 41642 | B12: 5 - Vendredi | C12: N05C | D12: N05C | E12: 0 | F12: =SUBTOTAL(103,E12) -> 1 | H12: N05C | I12: =SUMIFS($E$7:$E$16838,$C$7:$C$16838,$H12,$F$7:$F$16838,1) -> 1247 | J12: =IFERROR(I12/$C$4,0) -> 0.59268061 | K12: =IFERROR(I12/$A$4,0) -> 0.0096630467 | L12: =COUNTIFS($C$7:$C$16838,$H12,$F$7:$F$16838,1) -> 2104
A13: 41642 | B13: 5 - Vendredi | C13: R03 | D13: R03 | E13: 20 | F13: =SUBTOTAL(103,E13) -> 1 | H13: R03 | I13: =SUMIFS($E$7:$E$16838,$C$7:$C$16838,$H13,$F$7:$F$16838,1) -> 11743.083 | J13: =IFERROR(I13/$C$4,0) -> 5.5813134 | K13: =IFERROR(I13/$A$4,0) -> 0.090997564 | L13: =COUNTIFS($C$7:$C$16838,$H13,$F$7:$F$16838,1) -> 2104
A14: 41642 | B14: 5 - Vendredi | C14: R06 | D14: R06 | E14: 4 | F14: =SUBTOTAL(103,E14) -> 1 | H14: R06 | I14: =SUMIFS($E$7:$E$16838,$C$7:$C$16838,$H14,$F$7:$F$16838,1) -> 6162.48 | J14: =IFERROR(I14/$C$4,0) -> 2.9289354 | K14: =IFERROR(I14/$A$4,0) -> 0.047753273 | L14: =COUNTIFS($C$7:$C$16838,$H14,$F$7:$F$16838,1) -> 2104
A15: 41643 | B15: 6 - Samedi | C15: M01AB | D15: M01AB | E15: 2 | F15: =SUBTOTAL(103,E15) -> 1
A16: 41643 | B16: 6 - Samedi | C16: M01AE | D16: M01AE | E16: 1 | F16: =SUBTOTAL(103,E16) -> 1
A17: 41643 | B17: 6 - Samedi | C17: N02BA | D17: N02BA | E17: 6.5 | F17: =SUBTOTAL(103,E17) -> 1 | H17: Par jour de la semaine
A18: 41643 | B18: 6 - Samedi | C18: N02BE | D18: N02BE | E18: 61.85 | F18: =SUBTOTAL(103,E18) -> 1 | H18: Jour | I18: Total vendu | J18: Part
A19: 41643 | B19: 6 - Samedi | C19: N05B | D19: N05B | E19: 10 | F19: =SUBTOTAL(103,E19) -> 1 | H19: 1 - Lundi | I19: =SUMIFS($E$7:$E$16838,$B$7:$B$16838,$H19,$F$7:$F$16838,1) -> 18564.658 | J19: =IFERROR(I19/$A$4,0) -> 0.14385819
A20: 41643 | B20: 6 - Samedi | C20: N05C | D20: N05C | E20: 0 | F20: =SUBTOTAL(103,E20) -> 1 | H20: 2 - Mardi | I20: =SUMIFS($E$7:$E$16838,$B$7:$B$16838,$H20,$F$7:$F$16838,1) -> 18100.162 | J20: =IFERROR(I20/$A$4,0) -> 0.14025879
A21: 41643 | B21: 6 - Samedi | C21: R03 | D21: R03 | E21: 9 | F21: =SUBTOTAL(103,E21) -> 1 | H21: 3 - Mercredi | I21: =SUMIFS($E$7:$E$16838,$B$7:$B$16838,$H21,$F$7:$F$16838,1) -> 17780.404 | J21: =IFERROR(I21/$A$4,0) -> 0.13778098
A22: 41643 | B22: 6 - Samedi | C22: R06 | D22: R06 | E22: 1 | F22: =SUBTOTAL(103,E22) -> 1 | H22: 4 - Jeudi | I22: =SUMIFS($E$7:$E$16838,$B$7:$B$16838,$H22,$F$7:$F$16838,1) -> 17392.098 | J22: =IFERROR(I22/$A$4,0) -> 0.13477198
A23: 41644 | B23: 7 - Dimanche | C23: M01AB | D23: M01AB | E23: 4 | F23: =SUBTOTAL(103,E23) -> 1 | H23: 5 - Vendredi | I23: =SUMIFS($E$7:$E$16838,$B$7:$B$16838,$H23,$F$7:$F$16838,1) -> 18367.339 | J23: =IFERROR(I23/$A$4,0) -> 0.14232915
A24: 41644 | B24: 7 - Dimanche | C24: M01AE | D24: M01AE | E24: 3 | F24: =SUBTOTAL(103,E24) -> 1 | H24: 6 - Samedi | I24: =SUMIFS($E$7:$E$16838,$B$7:$B$16838,$H24,$F$7:$F$16838,1) -> 19982.062 | J24: =IFERROR(I24/$A$4,0) -> 0.1548417
A25: 41644 | B25: 7 - Dimanche | C25: N02BA | D25: N02BA | E25: 7 | F25: =SUBTOTAL(103,E25) -> 1 | H25: 7 - Dimanche | I25: =SUMIFS($E$7:$E$16838,$B$7:$B$16838,$H25,$F$7:$F$16838,1) -> 18861.602 | J25: =IFERROR(I25/$A$4,0) -> 0.14615922
A26: 41644 | B26: 7 - Dimanche | C26: N02BE | D26: N02BE | E26: 41.1 | F26: =SUBTOTAL(103,E26) -> 1
A27: 41644 | B27: 7 - Dimanche | C27: N05B | D27: N05B | E27: 8 | F27: =SUBTOTAL(103,E27) -> 1
A28: 41644 | B28: 7 - Dimanche | C28: N05C | D28: N05C | E28: 0 | F28: =SUBTOTAL(103,E28) -> 1 | H28: Filtrez avec les colonnes Date, Jour et Médicament.
A29: 41644 | B29: 7 - Dimanche | C29: R03 | D29: R03 | E29: 3 | F29: =SUBTOTAL(103,E29) -> 1
A30: 41644 | B30: 7 - Dimanche | C30: R06 | D30: R06 | E30: 0 | F30: =SUBTOTAL(103,E30) -> 1
A31: 41645 | B31: 1 - Lundi | C31: M01AB | D31: M01AB | E31: 5 | F31: =SUBTOTAL(103,E31) -> 1
A32: 41645 | B32: 1 - Lundi | C32: M01AE | D32: M01AE | E32: 1 | F32: =SUBTOTAL(103,E32) -> 1
A33: 41645 | B33: 1 - Lundi | C33: N02BA | D33: N02BA | E33: 4.5 | F33: =SUBTOTAL(103,E33) -> 1
A34: 41645 | B34: 1 - Lundi | C34: N02BE | D34: N02BE | E34: 21.7 | F34: =SUBTOTAL(103,E34) -> 1
A35: 41645 | B35: 1 - Lundi | C35: N05B | D35: N05B | E35: 16 | F35: =SUBTOTAL(103,E35) -> 1
A36: 41645 | B36: 1 - Lundi | C36: N05C | D36: N05C | E36: 2 | F36: =SUBTOTAL(103,E36) -> 1
A37: 41645 | B37: 1 - Lundi | C37: R03 | D37: R03 | E37: 6 | F37: =SUBTOTAL(103,E37) -> 1
A38: 41645 | B38: 1 - Lundi | C38: R06 | D38: R06 | E38: 2 | F38: =SUBTOTAL(103,E38) -> 1
A39: 41646 | B39: 2 - Mardi | C39: M01AB | D39: M01AB | E39: 4.33 | F39: =SUBTOTAL(103,E39) -> 1
A40: 41646 | B40: 2 - Mardi | C40: M01AE | D40: M01AE | E40: 0.66 | F40: =SUBTOTAL(103,E40) -> 1
... A16838: 43745 | B16838: 1 - Lundi | C16838: R06 | D16838: R06 | E16838: 1 | F16838: =SUBTOTAL(103,E16838) -> 1

Sheet Calendrier
A1: Calendrier | I1: =HYPERLINK("#Accueil!A1","← Accueil") -> ← Accueil | J1: =HYPERLINK("#Recherche!A1","Recherche") -> Recherche | Q1: Jour férié | T1: Début des vacances | U1: Fin des vacances | V1: Vacances | X1: N° semaine | Y1: Pics | AA1: Mois | AB1: Jour | AC1: M01AB | AD1: M01AE | AE1: N02BA | AF1: N02BE | AG1: N05B | AH1: N05C | AI1: R03 | AJ1: R06 | AK1: Total
A2: Le calendrier s'ouvre sur le mois en cours. Pour voir un autre moment, choisissez l'année et le mois dans les cases jaunes (▼). | Q2: 38718 | R2: 1er janvier | T2: 43029 | U2: 43044 | V2: Vacances de la Toussaint | X2: 1 | Y2: Gastro, Bronchiolite, Froid | AA2: 1 | AB2: 1 | AC2: =IFERROR(AVERAGEIFS(Historique!$I$2:$I$2107,Historique!$H$2:$H$2107,"Oui",Historique!$C$2:$C$2107,$AA2,Historique!$F$2:$F$2107,$AB2)*AC$88,0) -> 6.2264531 | AD2: =IFERROR(AVERAGEIFS(Historique!$J$2:$J$2107,Historique!$H$2:$H$2107,"Oui",Historique!$C$2:$C$2107,$AA2,Historique!$F$2:$F$2107,$AB2)*AD$88,0) -> 4.4101637 | AE2: =IFERROR(AVERAGEIFS(Historique!$K$2:$K$2107,Historique!$H$2:$H$2107,"Oui",Historique!$C$2:$C$2107,$AA2,Historique!$F$2:$F$2107,$AB2)*AE$88,0) -> 3.0505033 | AF2: =IFERROR(AVERAGEIFS(Historique!$L$2:$L$2107,Historique!$H$2:$H$2107,"Oui",Historique!$C$2:$C$2107,$AA2,Historique!$F$2:$F$2107,$AB2)*AF$88,0) -> 43.441433 | AG2: =IFERROR(AVERAGEIFS(Historique!$M$2:$M$2107,Historique!$H$2:$H$2107,"Oui",Historique!$C$2:$C$2107,$AA2,Historique!$F$2:$F$2107,$AB2)*AG$88,0) -> 10.001453 | AH2: =IFERROR(AVERAGEIFS(Historique!$N$2:$N$2107,Historique!$H$2:$H$2107,"Oui",Historique!$C$2:$C$2107,$AA2,Historique!$F$2:$F$2107,$AB2)*AH$88,0) -> 0.71697633 | AI2: =IFERROR(AVERAGEIFS(Historique!$O$2:$O$2107,Historique!$H$2:$H$2107,"Oui",Historique!$C$2:$C$2107,$AA2,Historique!$F$2:$F$2107,$AB2)*AI$88,0) -> 13.882788 | AJ2: =IFERROR(AVERAGEIFS(Historique!$P$2:$P$2107,Historique!$H$2:$H$2107,"Oui",Historique!$C$2:$C$2107,$AA2,Historique!$F$2:$F$2107,$AB2)*AJ$88,0) -> 1.8191835 | AK2: =SUM(AC2:AJ2) -> 83.548954
Q3: 38824 | R3: Lundi de Pâques | T3: 43092 | U3: 43107 | V3: Vacances de Noël | X3: 2 | Y3: Gastro, Bronchiolite, Froid | AA3: 1 | AB3: 2 | AC3: =IFERROR(AVERAGEIFS(Historique!$I$2:$I$2107,Historique!$H$2:$H$2107,"Oui",Historique!$C$2:$C$2107,$AA3,Historique!$F$2:$F$2107,$AB3)*AC$88,0) -> 5.4786757 | AD3: =IFERROR(AVERAGEIFS(Historique!$J$2:$J$2107,Historique!$H$2:$H$2107,"Oui",Historique!$C$2:$C$2107,$AA3,Historique!$F$2:$F$2107,$AB3)*AD$88,0) -> 4.4641436 | AE3: =IFERROR(AVERAGEIFS(Historique!$K$2:$K$2107,Historique!$H$2:$H$2107,"Oui",Historique!$C$2:$C$2107,$AA3,Historique!$F$2:$F$2107,$AB3)*AE$88,0) -> 4.0844544 | AF3: =IFERROR(AVERAGEIFS(Historique!$L$2:$L$2107,Historique!$H$2:$H$2107,"Oui",Historique!$C$2:$C$2107,$AA3,Historique!$F$2:$F$2107,$AB3)*AF$88,0) -> 38.655312 | AG3: =IFERROR(AVERAGEIFS(Historique!$M$2:$M$2107,Historique!$H$2:$H$2107,"Oui",Historique!$C$2:$C$2107,$AA3,Historique!$F$2:$F$2107,$AB3)*AG$88,0) -> 10.068803 | AH3: =IFERROR(AVERAGEIFS(Historique!$N$2:$N$2107,Historique!$H$2:$H$2107,"Oui",Historique!$C$2:$C$2107,$AA3,Historique!$F$2:$F$2107,$AB3)*AH$88,0) -> 1.0126184 | AI3: =IFERROR(AVERAGEIFS(Historique!$O$2:$O$2107,Historique!$H$2:$H$2107,"Oui",Historique!$C$2:$C$2107,$AA3,Historique!$F$2:$F$2107,$AB3)*AI$88,0) -> 8.1815897 | AJ3: =IFERROR(AVERAGEIFS(Historique!$P$2:$P$2107,Historique!$H$2:$H$2107,"Oui",Historique!$C$2:$C$2107,$AA3,Historique!$F$2:$F$2107,$AB3)*AJ$88,0) -> 1.6004156 | AK3: =SUM(AC3:AJ3) -> 73.546013
